PRAGMA foreign_keys=OFF;
BEGIN TRANSACTION;
CREATE TABLE IF NOT EXISTS "django_migrations" ("id" integer NOT NULL PRIMARY KEY AUTOINCREMENT, "app" varchar(255) NOT NULL, "name" varchar(255) NOT NULL, "applied" datetime NOT NULL);
INSERT INTO django_migrations VALUES(1,'contenttypes','0001_initial','2026-01-11 14:33:11.284010');
INSERT INTO django_migrations VALUES(2,'auth','0001_initial','2026-01-11 14:33:11.295514');
INSERT INTO django_migrations VALUES(3,'admin','0001_initial','2026-01-11 14:33:11.304234');
INSERT INTO django_migrations VALUES(4,'admin','0002_logentry_remove_auto_add','2026-01-11 14:33:11.310858');
INSERT INTO django_migrations VALUES(5,'admin','0003_logentry_add_action_flag_choices','2026-01-11 14:33:11.316770');
INSERT INTO django_migrations VALUES(6,'person','0001_initial','2026-01-11 14:33:11.319232');
INSERT INTO django_migrations VALUES(7,'family','0001_initial','2026-01-11 14:33:11.326277');
INSERT INTO django_migrations VALUES(8,'employee','0001_initial','2026-01-11 14:33:11.336002');
INSERT INTO django_migrations VALUES(9,'animal','0001_initial','2026-01-11 14:33:11.347206');
INSERT INTO django_migrations VALUES(10,'animal','0002_alter_soapnote_created_at','2026-01-11 14:33:11.356028');
INSERT INTO django_migrations VALUES(11,'animal','0003_species_animal_death_date','2026-01-11 14:33:11.369414');
INSERT INTO django_migrations VALUES(12,'animal','0004_animal_species_alter_species_name','2026-01-11 14:33:11.379776');
INSERT INTO django_migrations VALUES(13,'animal','0003_alter_soapnote_validated_by','2026-01-11 14:33:11.386420');
INSERT INTO django_migrations VALUES(14,'animal','0004_alter_soapnote_validated_by','2026-01-11 14:33:11.394790');
INSERT INTO django_migrations VALUES(15,'animal','0005_merge_20260110_1649','2026-01-11 14:33:11.396821');
INSERT INTO django_migrations VALUES(16,'inventory','0001_initial','2026-01-11 14:33:11.404553');
INSERT INTO django_migrations VALUES(17,'appointment','0001_initial','2026-01-11 14:33:11.447625');
INSERT INTO django_migrations VALUES(18,'appointment','0002_alter_appointmentequipment_equipment','2026-01-11 14:33:11.459411');
INSERT INTO django_migrations VALUES(19,'person','0002_alter_person_email_alter_person_password_hash','2026-01-11 14:33:11.468342');
INSERT INTO django_migrations VALUES(20,'person','0003_person_last_login','2026-01-11 14:33:11.472688');
INSERT INTO django_migrations VALUES(21,'person','0004_person_user','2026-01-11 14:33:11.492268');
INSERT INTO django_migrations VALUES(22,'audit','0001_initial','2026-01-11 14:33:11.507748');
INSERT INTO django_migrations VALUES(23,'audit','0002_alter_activitylog_user','2026-01-11 14:33:11.522461');
INSERT INTO django_migrations VALUES(24,'audit','0003_remove_activitylog_object_name_activitylog_object_id','2026-01-11 14:33:11.534060');
INSERT INTO django_migrations VALUES(25,'contenttypes','0002_remove_content_type_name','2026-01-11 14:33:11.553251');
INSERT INTO django_migrations VALUES(26,'auth','0002_alter_permission_name_max_length','2026-01-11 14:33:11.567498');
INSERT INTO django_migrations VALUES(27,'auth','0003_alter_user_email_max_length','2026-01-11 14:33:11.576845');
INSERT INTO django_migrations VALUES(28,'auth','0004_alter_user_username_opts','2026-01-11 14:33:11.583895');
INSERT INTO django_migrations VALUES(29,'auth','0005_alter_user_last_login_null','2026-01-11 14:33:11.591671');
INSERT INTO django_migrations VALUES(30,'auth','0006_require_contenttypes_0002','2026-01-11 14:33:11.593654');
INSERT INTO django_migrations VALUES(31,'auth','0007_alter_validators_add_error_messages','2026-01-11 14:33:11.599457');
INSERT INTO django_migrations VALUES(32,'auth','0008_alter_user_username_max_length','2026-01-11 14:33:11.608547');
INSERT INTO django_migrations VALUES(33,'auth','0009_alter_user_last_name_max_length','2026-01-11 14:33:11.617915');
INSERT INTO django_migrations VALUES(34,'auth','0010_alter_group_name_max_length','2026-01-11 14:33:11.637175');
INSERT INTO django_migrations VALUES(35,'auth','0011_update_proxy_permissions','2026-01-11 14:33:11.649039');
INSERT INTO django_migrations VALUES(36,'auth','0012_alter_user_first_name_max_length','2026-01-11 14:33:11.656485');
INSERT INTO django_migrations VALUES(37,'employee','0002_openexception_openhours_and_more','2026-01-11 14:33:11.707442');
INSERT INTO django_migrations VALUES(38,'employee','0003_alter_availabilityemployee_day_of_week_and_more','2026-01-11 14:33:11.712960');
INSERT INTO django_migrations VALUES(39,'family','0002_alter_family_creation_date','2026-01-11 14:33:11.721832');
INSERT INTO django_migrations VALUES(40,'person','0004_alter_person_password_hash','2026-01-11 14:33:11.732343');
INSERT INTO django_migrations VALUES(41,'person','0005_merge_20260111_1358','2026-01-11 14:33:11.736298');
INSERT INTO django_migrations VALUES(42,'sessions','0001_initial','2026-01-11 14:33:11.741022');
CREATE TABLE IF NOT EXISTS "auth_group_permissions" ("id" integer NOT NULL PRIMARY KEY AUTOINCREMENT, "group_id" integer NOT NULL REFERENCES "auth_group" ("id") DEFERRABLE INITIALLY DEFERRED, "permission_id" integer NOT NULL REFERENCES "auth_permission" ("id") DEFERRABLE INITIALLY DEFERRED);
CREATE TABLE IF NOT EXISTS "auth_user_groups" ("id" integer NOT NULL PRIMARY KEY AUTOINCREMENT, "user_id" integer NOT NULL REFERENCES "auth_user" ("id") DEFERRABLE INITIALLY DEFERRED, "group_id" integer NOT NULL REFERENCES "auth_group" ("id") DEFERRABLE INITIALLY DEFERRED);
CREATE TABLE IF NOT EXISTS "auth_user_user_permissions" ("id" integer NOT NULL PRIMARY KEY AUTOINCREMENT, "user_id" integer NOT NULL REFERENCES "auth_user" ("id") DEFERRABLE INITIALLY DEFERRED, "permission_id" integer NOT NULL REFERENCES "auth_permission" ("id") DEFERRABLE INITIALLY DEFERRED);
CREATE TABLE IF NOT EXISTS "django_admin_log" ("id" integer NOT NULL PRIMARY KEY AUTOINCREMENT, "object_id" text NULL, "object_repr" varchar(200) NOT NULL, "action_flag" smallint unsigned NOT NULL CHECK ("action_flag" >= 0), "change_message" text NOT NULL, "content_type_id" integer NULL REFERENCES "django_content_type" ("id") DEFERRABLE INITIALLY DEFERRED, "user_id" integer NOT NULL REFERENCES "auth_user" ("id") DEFERRABLE INITIALLY DEFERRED, "action_time" datetime NOT NULL);
CREATE TABLE IF NOT EXISTS "family_extra_family_member" ("id" integer NOT NULL PRIMARY KEY AUTOINCREMENT, "person_id" bigint NOT NULL REFERENCES "person_person" ("id") DEFERRABLE INITIALLY DEFERRED, "family_id" bigint NOT NULL REFERENCES "family_family" ("id") DEFERRABLE INITIALLY DEFERRED);
INSERT INTO family_extra_family_member VALUES(7,13,7);
INSERT INTO family_extra_family_member VALUES(8,14,7);
INSERT INTO family_extra_family_member VALUES(9,16,8);
CREATE TABLE IF NOT EXISTS "employee_role" ("id" integer NOT NULL PRIMARY KEY AUTOINCREMENT, "name" varchar(100) NOT NULL);
INSERT INTO employee_role VALUES(7,'Vétérinaire');
INSERT INTO employee_role VALUES(8,'Réceptionniste');
INSERT INTO employee_role VALUES(9,'Étudiant vétérinaire');
CREATE TABLE IF NOT EXISTS "employee_employee" ("id" integer NOT NULL PRIMARY KEY AUTOINCREMENT, "first_engagement_date" date NOT NULL, "person_id" bigint NOT NULL REFERENCES "person_person" ("id") DEFERRABLE INITIALLY DEFERRED, "role_id" bigint NOT NULL REFERENCES "employee_role" ("id") DEFERRABLE INITIALLY DEFERRED);
INSERT INTO employee_employee VALUES(9,'2015-01-10',13,7);
INSERT INTO employee_employee VALUES(10,'2018-06-15',14,7);
INSERT INTO employee_employee VALUES(11,'2018-06-15',15,7);
INSERT INTO employee_employee VALUES(12,'2020-03-01',16,8);
CREATE TABLE IF NOT EXISTS "animal_animal" ("id" integer NOT NULL PRIMARY KEY AUTOINCREMENT, "name" varchar(50) NOT NULL, "birthday" date NOT NULL, "federal_identification" varchar(100) NOT NULL, "family_id" bigint NOT NULL REFERENCES "family_family" ("id") DEFERRABLE INITIALLY DEFERRED, "death_date" date NULL, "species_id" bigint NOT NULL REFERENCES "animal_species" ("id") DEFERRABLE INITIALLY DEFERRED);
INSERT INTO animal_animal VALUES(9,'Max','2018-03-10','CH-123-456-789',7,NULL,1);
INSERT INTO animal_animal VALUES(10,'Luna','2019-07-15','CH-987-654-321',7,NULL,2);
INSERT INTO animal_animal VALUES(11,'Charlie','2020-01-05','CH-555-666-777',8,NULL,3);
INSERT INTO animal_animal VALUES(12,'Bella','2017-11-20','CH-111-222-333',8,NULL,1);
CREATE TABLE IF NOT EXISTS "animal_species" ("id" integer NOT NULL PRIMARY KEY AUTOINCREMENT, "name" varchar(50) NOT NULL UNIQUE);
INSERT INTO animal_species VALUES(1,'Chien');
INSERT INTO animal_species VALUES(2,'Chat');
INSERT INTO animal_species VALUES(3,'Lapin');
INSERT INTO animal_species VALUES(4,'Oiseau');
INSERT INTO animal_species VALUES(5,'Reptile');
CREATE TABLE IF NOT EXISTS "animal_soapnote" ("id" integer NOT NULL PRIMARY KEY AUTOINCREMENT, "content" text NOT NULL, "created_at" datetime NOT NULL, "text_subjective" text NOT NULL, "text_objective" text NOT NULL, "text_assessment" text NOT NULL, "text_plan" text NOT NULL, "animal_id" bigint NOT NULL REFERENCES "animal_animal" ("id") DEFERRABLE INITIALLY DEFERRED, "created_by_id" bigint NOT NULL REFERENCES "employee_employee" ("id") DEFERRABLE INITIALLY DEFERRED, "validated_by_id" bigint NULL REFERENCES "employee_employee" ("id") DEFERRABLE INITIALLY DEFERRED);
INSERT INTO animal_soapnote VALUES(9,'Détartrage et nettoyage','2026-01-11 15:01:33.082226','Animal en bonne santé','Température normale, poids stable à 15kg','Aucun problème détecté','Détartrage et nettoyage effectués. Prochain contrôle dans a 1an.',9,10,10);
INSERT INTO animal_soapnote VALUES(10,'Vaccination annuelle','2026-01-11 15:01:33.084066','Animal en bonne santé','Température normale, poids stable à 15kg','Aucun problème détecté','Vaccination antirabique effectuée. Prochain rappel dans 1 an.',9,9,9);
INSERT INTO animal_soapnote VALUES(11,'Consultation dermatologie','2026-01-11 15:01:33.085776','Démangeaisons fréquentes depuis 2 semaines','Rougeurs sur l''abdomen et entre les pattes','Possible allergie alimentaire ou parasites','Changement de régime alimentaire. Revoir dans 2 semaines.',10,10,9);
INSERT INTO animal_soapnote VALUES(12,'Contrôle de routine','2026-01-11 15:01:33.087427','Jeune chat actif, pas de plaintes','Bon état général, dentition saine','Animal en excellente santé','Rappel vaccination dans 6 mois',11,9,9);
CREATE TABLE IF NOT EXISTS "inventory_treatmenttype" ("id" integer NOT NULL PRIMARY KEY AUTOINCREMENT, "type" varchar(100) NOT NULL);
INSERT INTO inventory_treatmenttype VALUES(9,'Vaccination');
INSERT INTO inventory_treatmenttype VALUES(10,'Consultation');
INSERT INTO inventory_treatmenttype VALUES(11,'Chirurgie');
INSERT INTO inventory_treatmenttype VALUES(12,'Urgence');
CREATE TABLE IF NOT EXISTS "inventory_inventory" ("id" integer NOT NULL PRIMARY KEY AUTOINCREMENT, "quantity" integer NOT NULL, "expiration_date" date NOT NULL, "item_id" bigint NOT NULL REFERENCES "inventory_item" ("id") DEFERRABLE INITIALLY DEFERRED);
INSERT INTO inventory_inventory VALUES(15,1200,'2026-12-31',15);
INSERT INTO inventory_inventory VALUES(16,3000,'2026-08-15',16);
INSERT INTO inventory_inventory VALUES(17,1000,'2025-06-30',17);
INSERT INTO inventory_inventory VALUES(18,2500,'2026-03-20',18);
INSERT INTO inventory_inventory VALUES(19,1940,'2027-03-15',19);
INSERT INTO inventory_inventory VALUES(20,600,'2028-01-10',20);
INSERT INTO inventory_inventory VALUES(21,2000,'2026-09-30',21);
CREATE TABLE IF NOT EXISTS "inventory_item" ("id" integer NOT NULL PRIMARY KEY AUTOINCREMENT, "name" varchar(150) NOT NULL, "reminder" bool NOT NULL, "price" decimal NOT NULL, "treatment_type_id" bigint NOT NULL REFERENCES "inventory_treatmenttype" ("id") DEFERRABLE INITIALLY DEFERRED);
INSERT INTO inventory_item VALUES(15,'Vaccin antirabique',1,45,9);
INSERT INTO inventory_item VALUES(16,'Vaccin combiné (DHPP)',1,55,9);
INSERT INTO inventory_item VALUES(17,'Antibiotique (comprimés)',0,25.5,10);
INSERT INTO inventory_item VALUES(18,'Anti-inflammatoire',0,18.75,10);
INSERT INTO inventory_item VALUES(19,'Anesthésique',0,120,11);
INSERT INTO inventory_item VALUES(20,'Kit de suture',0,35,11);
INSERT INTO inventory_item VALUES(21,'Sérum physiologique',0,12,12);
CREATE TABLE IF NOT EXISTS "appointment_emergencytype" ("id" integer NOT NULL PRIMARY KEY AUTOINCREMENT, "name" varchar(100) NOT NULL);
INSERT INTO appointment_emergencytype VALUES(7,'Consultation de routine');
INSERT INTO appointment_emergencytype VALUES(8,'Urgence');
INSERT INTO appointment_emergencytype VALUES(9,'Suivi');
CREATE TABLE IF NOT EXISTS "appointment_equipment" ("id" integer NOT NULL PRIMARY KEY AUTOINCREMENT, "name" varchar(50) NOT NULL);
INSERT INTO appointment_equipment VALUES(9,'Stéthoscope');
INSERT INTO appointment_equipment VALUES(10,'Thermomètre');
INSERT INTO appointment_equipment VALUES(11,'Appareil à rayons X');
INSERT INTO appointment_equipment VALUES(12,'Échographe');
CREATE TABLE IF NOT EXISTS "appointment_procedure" ("id" integer NOT NULL PRIMARY KEY AUTOINCREMENT, "name" varchar(100) NOT NULL, "price" decimal NOT NULL);
INSERT INTO appointment_procedure VALUES(9,'Examen clinique complet',80);
INSERT INTO appointment_procedure VALUES(10,'Radiographie',150);
INSERT INTO appointment_procedure VALUES(11,'Analyse de sang',95);
INSERT INTO appointment_procedure VALUES(12,'Échographie',120);
CREATE TABLE IF NOT EXISTS "appointment_roomtype" ("id" integer NOT NULL PRIMARY KEY AUTOINCREMENT, "name" varchar(50) NOT NULL);
INSERT INTO appointment_roomtype VALUES(7,'Consultation');
INSERT INTO appointment_roomtype VALUES(8,'Chirurgie');
INSERT INTO appointment_roomtype VALUES(9,'Radiologie');
CREATE TABLE IF NOT EXISTS "appointment_appointment" ("id" integer NOT NULL PRIMARY KEY AUTOINCREMENT, "start_date" datetime NOT NULL, "end_date" datetime NOT NULL, "animal_id" bigint NOT NULL REFERENCES "animal_animal" ("id") DEFERRABLE INITIALLY DEFERRED, "employee_id" bigint NOT NULL REFERENCES "employee_employee" ("id") DEFERRABLE INITIALLY DEFERRED, "emergency_type_id" bigint NOT NULL REFERENCES "appointment_emergencytype" ("id") DEFERRABLE INITIALLY DEFERRED, "room_id" bigint NOT NULL REFERENCES "appointment_room" ("id") DEFERRABLE INITIALLY DEFERRED);
INSERT INTO appointment_appointment VALUES(123,'2025-12-20 08:00:00','2025-12-20 08:30:00',9,9,7,7);
INSERT INTO appointment_appointment VALUES(124,'2025-12-21 08:00:00','2025-12-21 09:00:00',10,10,8,8);
INSERT INTO appointment_appointment VALUES(125,'2025-12-21 12:00:00','2025-12-21 13:30:00',10,10,8,8);
INSERT INTO appointment_appointment VALUES(126,'2025-12-22 08:00:00','2025-12-22 09:30:00',11,11,9,9);
INSERT INTO appointment_appointment VALUES(127,'2025-12-22 12:00:00','2025-12-22 14:00:00',11,11,9,9);
INSERT INTO appointment_appointment VALUES(128,'2025-12-22 15:00:00','2025-12-22 15:30:00',11,11,9,9);
INSERT INTO appointment_appointment VALUES(129,'2025-12-23 08:00:00','2025-12-23 10:00:00',12,9,7,7);
INSERT INTO appointment_appointment VALUES(130,'2025-12-24 08:00:00','2025-12-24 08:30:00',9,10,8,8);
INSERT INTO appointment_appointment VALUES(131,'2025-12-24 12:00:00','2025-12-24 13:00:00',9,10,8,8);
INSERT INTO appointment_appointment VALUES(132,'2025-12-25 08:00:00','2025-12-25 09:00:00',10,11,9,9);
INSERT INTO appointment_appointment VALUES(133,'2025-12-25 12:00:00','2025-12-25 13:30:00',10,11,9,9);
INSERT INTO appointment_appointment VALUES(134,'2025-12-25 15:00:00','2025-12-25 17:00:00',10,11,9,9);
INSERT INTO appointment_appointment VALUES(135,'2025-12-26 08:00:00','2025-12-26 09:30:00',11,9,7,7);
INSERT INTO appointment_appointment VALUES(136,'2025-12-27 08:00:00','2025-12-27 10:00:00',12,10,8,8);
INSERT INTO appointment_appointment VALUES(137,'2025-12-27 12:00:00','2025-12-27 12:30:00',12,10,8,8);
INSERT INTO appointment_appointment VALUES(138,'2025-12-28 08:00:00','2025-12-28 08:30:00',9,11,9,9);
INSERT INTO appointment_appointment VALUES(139,'2025-12-28 12:00:00','2025-12-28 13:00:00',9,11,9,9);
INSERT INTO appointment_appointment VALUES(140,'2025-12-28 15:00:00','2025-12-28 16:30:00',9,11,9,9);
INSERT INTO appointment_appointment VALUES(141,'2025-12-29 08:00:00','2025-12-29 09:00:00',10,9,7,7);
INSERT INTO appointment_appointment VALUES(142,'2025-12-30 08:00:00','2025-12-30 09:30:00',11,10,8,8);
INSERT INTO appointment_appointment VALUES(143,'2025-12-30 12:00:00','2025-12-30 14:00:00',11,10,8,8);
INSERT INTO appointment_appointment VALUES(144,'2025-12-31 08:00:00','2025-12-31 10:00:00',12,11,9,9);
INSERT INTO appointment_appointment VALUES(145,'2025-12-31 12:00:00','2025-12-31 12:30:00',12,11,9,9);
INSERT INTO appointment_appointment VALUES(146,'2025-12-31 15:00:00','2025-12-31 16:00:00',12,11,9,9);
INSERT INTO appointment_appointment VALUES(147,'2026-01-01 08:00:00','2026-01-01 08:30:00',9,9,7,7);
INSERT INTO appointment_appointment VALUES(148,'2026-01-02 08:00:00','2026-01-02 09:00:00',10,10,8,8);
INSERT INTO appointment_appointment VALUES(149,'2026-01-02 12:00:00','2026-01-02 13:30:00',10,10,8,8);
INSERT INTO appointment_appointment VALUES(150,'2026-01-03 08:00:00','2026-01-03 09:30:00',11,11,9,9);
INSERT INTO appointment_appointment VALUES(151,'2026-01-03 12:00:00','2026-01-03 14:00:00',11,11,9,9);
INSERT INTO appointment_appointment VALUES(152,'2026-01-03 15:00:00','2026-01-03 15:30:00',11,11,9,9);
INSERT INTO appointment_appointment VALUES(153,'2026-01-04 08:00:00','2026-01-04 10:00:00',12,9,7,7);
INSERT INTO appointment_appointment VALUES(154,'2026-01-05 08:00:00','2026-01-05 08:30:00',9,10,8,8);
INSERT INTO appointment_appointment VALUES(155,'2026-01-05 12:00:00','2026-01-05 13:00:00',9,10,8,8);
INSERT INTO appointment_appointment VALUES(156,'2026-01-06 08:00:00','2026-01-06 09:00:00',10,11,9,9);
INSERT INTO appointment_appointment VALUES(157,'2026-01-06 12:00:00','2026-01-06 13:30:00',10,11,9,9);
INSERT INTO appointment_appointment VALUES(158,'2026-01-06 15:00:00','2026-01-06 17:00:00',10,11,9,9);
INSERT INTO appointment_appointment VALUES(159,'2026-01-07 08:00:00','2026-01-07 09:30:00',11,9,7,7);
INSERT INTO appointment_appointment VALUES(160,'2026-01-08 08:00:00','2026-01-08 10:00:00',12,10,8,8);
INSERT INTO appointment_appointment VALUES(161,'2026-01-08 12:00:00','2026-01-08 12:30:00',12,10,8,8);
INSERT INTO appointment_appointment VALUES(162,'2026-01-09 08:00:00','2026-01-09 08:30:00',9,11,9,9);
INSERT INTO appointment_appointment VALUES(163,'2026-01-09 12:00:00','2026-01-09 13:00:00',9,11,9,9);
INSERT INTO appointment_appointment VALUES(164,'2026-01-09 15:00:00','2026-01-09 16:30:00',9,11,9,9);
INSERT INTO appointment_appointment VALUES(165,'2026-01-10 08:00:00','2026-01-10 09:00:00',10,9,7,7);
INSERT INTO appointment_appointment VALUES(166,'2026-01-11 08:00:00','2026-01-11 09:30:00',11,10,8,8);
INSERT INTO appointment_appointment VALUES(167,'2026-01-11 12:00:00','2026-01-11 14:00:00',11,10,8,8);
INSERT INTO appointment_appointment VALUES(168,'2026-01-12 08:00:00','2026-01-12 10:00:00',12,11,9,9);
INSERT INTO appointment_appointment VALUES(169,'2026-01-12 12:00:00','2026-01-12 12:30:00',12,11,9,9);
INSERT INTO appointment_appointment VALUES(170,'2026-01-12 15:00:00','2026-01-12 16:00:00',12,11,9,9);
INSERT INTO appointment_appointment VALUES(171,'2026-01-13 08:00:00','2026-01-13 08:30:00',9,9,7,7);
INSERT INTO appointment_appointment VALUES(172,'2026-01-14 08:00:00','2026-01-14 09:00:00',10,10,8,8);
INSERT INTO appointment_appointment VALUES(173,'2026-01-14 12:00:00','2026-01-14 13:30:00',10,10,8,8);
INSERT INTO appointment_appointment VALUES(174,'2026-01-15 08:00:00','2026-01-15 09:30:00',11,11,9,9);
INSERT INTO appointment_appointment VALUES(175,'2026-01-15 12:00:00','2026-01-15 14:00:00',11,11,9,9);
INSERT INTO appointment_appointment VALUES(176,'2026-01-15 15:00:00','2026-01-15 15:30:00',11,11,9,9);
INSERT INTO appointment_appointment VALUES(177,'2026-01-16 08:00:00','2026-01-16 10:00:00',12,9,7,7);
INSERT INTO appointment_appointment VALUES(178,'2026-01-17 08:00:00','2026-01-17 08:30:00',9,10,8,8);
INSERT INTO appointment_appointment VALUES(179,'2026-01-17 12:00:00','2026-01-17 13:00:00',9,10,8,8);
INSERT INTO appointment_appointment VALUES(180,'2026-01-18 08:00:00','2026-01-18 09:00:00',10,11,9,9);
INSERT INTO appointment_appointment VALUES(181,'2026-01-18 12:00:00','2026-01-18 13:30:00',10,11,9,9);
INSERT INTO appointment_appointment VALUES(182,'2026-01-18 15:00:00','2026-01-18 17:00:00',10,11,9,9);
CREATE TABLE IF NOT EXISTS "appointment_appointmentitem" ("id" integer NOT NULL PRIMARY KEY AUTOINCREMENT, "quantity" integer NOT NULL, "appointment_id" bigint NOT NULL REFERENCES "appointment_appointment" ("id") DEFERRABLE INITIALLY DEFERRED, "item_id" bigint NOT NULL REFERENCES "inventory_item" ("id") DEFERRABLE INITIALLY DEFERRED);
INSERT INTO appointment_appointmentitem VALUES(121,1,123,19);
INSERT INTO appointment_appointmentitem VALUES(122,1,124,19);
INSERT INTO appointment_appointmentitem VALUES(123,1,125,19);
INSERT INTO appointment_appointmentitem VALUES(124,1,126,19);
INSERT INTO appointment_appointmentitem VALUES(125,1,127,19);
INSERT INTO appointment_appointmentitem VALUES(126,1,128,19);
INSERT INTO appointment_appointmentitem VALUES(127,1,129,19);
INSERT INTO appointment_appointmentitem VALUES(128,1,130,19);
INSERT INTO appointment_appointmentitem VALUES(129,1,131,19);
INSERT INTO appointment_appointmentitem VALUES(130,1,132,19);
INSERT INTO appointment_appointmentitem VALUES(131,1,133,19);
INSERT INTO appointment_appointmentitem VALUES(132,1,134,19);
INSERT INTO appointment_appointmentitem VALUES(133,1,135,19);
INSERT INTO appointment_appointmentitem VALUES(134,1,136,19);
INSERT INTO appointment_appointmentitem VALUES(135,1,137,19);
INSERT INTO appointment_appointmentitem VALUES(136,1,138,19);
INSERT INTO appointment_appointmentitem VALUES(137,1,139,19);
INSERT INTO appointment_appointmentitem VALUES(138,1,140,19);
INSERT INTO appointment_appointmentitem VALUES(139,1,141,19);
INSERT INTO appointment_appointmentitem VALUES(140,1,142,19);
INSERT INTO appointment_appointmentitem VALUES(141,1,143,19);
INSERT INTO appointment_appointmentitem VALUES(142,1,144,19);
INSERT INTO appointment_appointmentitem VALUES(143,1,145,19);
INSERT INTO appointment_appointmentitem VALUES(144,1,146,19);
INSERT INTO appointment_appointmentitem VALUES(145,1,147,19);
INSERT INTO appointment_appointmentitem VALUES(146,1,148,19);
INSERT INTO appointment_appointmentitem VALUES(147,1,149,19);
INSERT INTO appointment_appointmentitem VALUES(148,1,150,19);
INSERT INTO appointment_appointmentitem VALUES(149,1,151,19);
INSERT INTO appointment_appointmentitem VALUES(150,1,152,19);
INSERT INTO appointment_appointmentitem VALUES(151,1,153,19);
INSERT INTO appointment_appointmentitem VALUES(152,1,154,19);
INSERT INTO appointment_appointmentitem VALUES(153,1,155,19);
INSERT INTO appointment_appointmentitem VALUES(154,1,156,19);
INSERT INTO appointment_appointmentitem VALUES(155,1,157,19);
INSERT INTO appointment_appointmentitem VALUES(156,1,158,19);
INSERT INTO appointment_appointmentitem VALUES(157,1,159,19);
INSERT INTO appointment_appointmentitem VALUES(158,1,160,19);
INSERT INTO appointment_appointmentitem VALUES(159,1,161,19);
INSERT INTO appointment_appointmentitem VALUES(160,1,162,19);
INSERT INTO appointment_appointmentitem VALUES(161,1,163,19);
INSERT INTO appointment_appointmentitem VALUES(162,1,164,19);
INSERT INTO appointment_appointmentitem VALUES(163,1,165,19);
INSERT INTO appointment_appointmentitem VALUES(164,1,166,19);
INSERT INTO appointment_appointmentitem VALUES(165,1,167,19);
INSERT INTO appointment_appointmentitem VALUES(166,1,168,19);
INSERT INTO appointment_appointmentitem VALUES(167,1,169,19);
INSERT INTO appointment_appointmentitem VALUES(168,1,170,19);
INSERT INTO appointment_appointmentitem VALUES(169,1,171,19);
INSERT INTO appointment_appointmentitem VALUES(170,1,172,19);
INSERT INTO appointment_appointmentitem VALUES(171,1,173,19);
INSERT INTO appointment_appointmentitem VALUES(172,1,174,19);
INSERT INTO appointment_appointmentitem VALUES(173,1,175,19);
INSERT INTO appointment_appointmentitem VALUES(174,1,176,19);
INSERT INTO appointment_appointmentitem VALUES(175,1,177,19);
INSERT INTO appointment_appointmentitem VALUES(176,1,178,19);
INSERT INTO appointment_appointmentitem VALUES(177,1,179,19);
INSERT INTO appointment_appointmentitem VALUES(178,1,180,19);
INSERT INTO appointment_appointmentitem VALUES(179,1,181,19);
INSERT INTO appointment_appointmentitem VALUES(180,1,182,19);
CREATE TABLE IF NOT EXISTS "appointment_appointmentprocedure" ("id" integer NOT NULL PRIMARY KEY AUTOINCREMENT, "quantity" integer NOT NULL, "appointment_id" bigint NOT NULL REFERENCES "appointment_appointment" ("id") DEFERRABLE INITIALLY DEFERRED, "procedure_id" bigint NOT NULL REFERENCES "appointment_procedure" ("id") DEFERRABLE INITIALLY DEFERRED);
INSERT INTO appointment_appointmentprocedure VALUES(121,1,123,9);
INSERT INTO appointment_appointmentprocedure VALUES(122,1,124,9);
INSERT INTO appointment_appointmentprocedure VALUES(123,1,125,9);
INSERT INTO appointment_appointmentprocedure VALUES(124,1,126,9);
INSERT INTO appointment_appointmentprocedure VALUES(125,1,127,9);
INSERT INTO appointment_appointmentprocedure VALUES(126,1,128,9);
INSERT INTO appointment_appointmentprocedure VALUES(127,1,129,9);
INSERT INTO appointment_appointmentprocedure VALUES(128,1,130,9);
INSERT INTO appointment_appointmentprocedure VALUES(129,1,131,9);
INSERT INTO appointment_appointmentprocedure VALUES(130,1,132,9);
INSERT INTO appointment_appointmentprocedure VALUES(131,1,133,9);
INSERT INTO appointment_appointmentprocedure VALUES(132,1,134,9);
INSERT INTO appointment_appointmentprocedure VALUES(133,1,135,9);
INSERT INTO appointment_appointmentprocedure VALUES(134,1,136,9);
INSERT INTO appointment_appointmentprocedure VALUES(135,1,137,9);
INSERT INTO appointment_appointmentprocedure VALUES(136,1,138,9);
INSERT INTO appointment_appointmentprocedure VALUES(137,1,139,9);
INSERT INTO appointment_appointmentprocedure VALUES(138,1,140,9);
INSERT INTO appointment_appointmentprocedure VALUES(139,1,141,9);
INSERT INTO appointment_appointmentprocedure VALUES(140,1,142,9);
INSERT INTO appointment_appointmentprocedure VALUES(141,1,143,9);
INSERT INTO appointment_appointmentprocedure VALUES(142,1,144,9);
INSERT INTO appointment_appointmentprocedure VALUES(143,1,145,9);
INSERT INTO appointment_appointmentprocedure VALUES(144,1,146,9);
INSERT INTO appointment_appointmentprocedure VALUES(145,1,147,9);
INSERT INTO appointment_appointmentprocedure VALUES(146,1,148,9);
INSERT INTO appointment_appointmentprocedure VALUES(147,1,149,9);
INSERT INTO appointment_appointmentprocedure VALUES(148,1,150,9);
INSERT INTO appointment_appointmentprocedure VALUES(149,1,151,9);
INSERT INTO appointment_appointmentprocedure VALUES(150,1,152,9);
INSERT INTO appointment_appointmentprocedure VALUES(151,1,153,9);
INSERT INTO appointment_appointmentprocedure VALUES(152,1,154,9);
INSERT INTO appointment_appointmentprocedure VALUES(153,1,155,9);
INSERT INTO appointment_appointmentprocedure VALUES(154,1,156,9);
INSERT INTO appointment_appointmentprocedure VALUES(155,1,157,9);
INSERT INTO appointment_appointmentprocedure VALUES(156,1,158,9);
INSERT INTO appointment_appointmentprocedure VALUES(157,1,159,9);
INSERT INTO appointment_appointmentprocedure VALUES(158,1,160,9);
INSERT INTO appointment_appointmentprocedure VALUES(159,1,161,9);
INSERT INTO appointment_appointmentprocedure VALUES(160,1,162,9);
INSERT INTO appointment_appointmentprocedure VALUES(161,1,163,9);
INSERT INTO appointment_appointmentprocedure VALUES(162,1,164,9);
INSERT INTO appointment_appointmentprocedure VALUES(163,1,165,9);
INSERT INTO appointment_appointmentprocedure VALUES(164,1,166,9);
INSERT INTO appointment_appointmentprocedure VALUES(165,1,167,9);
INSERT INTO appointment_appointmentprocedure VALUES(166,1,168,9);
INSERT INTO appointment_appointmentprocedure VALUES(167,1,169,9);
INSERT INTO appointment_appointmentprocedure VALUES(168,1,170,9);
INSERT INTO appointment_appointmentprocedure VALUES(169,1,171,9);
INSERT INTO appointment_appointmentprocedure VALUES(170,1,172,9);
INSERT INTO appointment_appointmentprocedure VALUES(171,1,173,9);
INSERT INTO appointment_appointmentprocedure VALUES(172,1,174,9);
INSERT INTO appointment_appointmentprocedure VALUES(173,1,175,9);
INSERT INTO appointment_appointmentprocedure VALUES(174,1,176,9);
INSERT INTO appointment_appointmentprocedure VALUES(175,1,177,9);
INSERT INTO appointment_appointmentprocedure VALUES(176,1,178,9);
INSERT INTO appointment_appointmentprocedure VALUES(177,1,179,9);
INSERT INTO appointment_appointmentprocedure VALUES(178,1,180,9);
INSERT INTO appointment_appointmentprocedure VALUES(179,1,181,9);
INSERT INTO appointment_appointmentprocedure VALUES(180,1,182,9);
CREATE TABLE IF NOT EXISTS "appointment_room" ("id" integer NOT NULL PRIMARY KEY AUTOINCREMENT, "room_type_id" bigint NOT NULL REFERENCES "appointment_roomtype" ("id") DEFERRABLE INITIALLY DEFERRED);
INSERT INTO appointment_room VALUES(7,7);
INSERT INTO appointment_room VALUES(8,8);
INSERT INTO appointment_room VALUES(9,9);
CREATE TABLE IF NOT EXISTS "appointment_appointmentequipment" ("id" integer NOT NULL PRIMARY KEY AUTOINCREMENT, "appointment_id" bigint NOT NULL REFERENCES "appointment_appointment" ("id") DEFERRABLE INITIALLY DEFERRED, "equipment_id" bigint NOT NULL REFERENCES "appointment_equipment" ("id") DEFERRABLE INITIALLY DEFERRED);
INSERT INTO appointment_appointmentequipment VALUES(121,123,9);
INSERT INTO appointment_appointmentequipment VALUES(122,124,9);
INSERT INTO appointment_appointmentequipment VALUES(123,125,9);
INSERT INTO appointment_appointmentequipment VALUES(124,126,9);
INSERT INTO appointment_appointmentequipment VALUES(125,127,9);
INSERT INTO appointment_appointmentequipment VALUES(126,128,9);
INSERT INTO appointment_appointmentequipment VALUES(127,129,9);
INSERT INTO appointment_appointmentequipment VALUES(128,130,9);
INSERT INTO appointment_appointmentequipment VALUES(129,131,9);
INSERT INTO appointment_appointmentequipment VALUES(130,132,9);
INSERT INTO appointment_appointmentequipment VALUES(131,133,9);
INSERT INTO appointment_appointmentequipment VALUES(132,134,9);
INSERT INTO appointment_appointmentequipment VALUES(133,135,9);
INSERT INTO appointment_appointmentequipment VALUES(134,136,9);
INSERT INTO appointment_appointmentequipment VALUES(135,137,9);
INSERT INTO appointment_appointmentequipment VALUES(136,138,9);
INSERT INTO appointment_appointmentequipment VALUES(137,139,9);
INSERT INTO appointment_appointmentequipment VALUES(138,140,9);
INSERT INTO appointment_appointmentequipment VALUES(139,141,9);
INSERT INTO appointment_appointmentequipment VALUES(140,142,9);
INSERT INTO appointment_appointmentequipment VALUES(141,143,9);
INSERT INTO appointment_appointmentequipment VALUES(142,144,9);
INSERT INTO appointment_appointmentequipment VALUES(143,145,9);
INSERT INTO appointment_appointmentequipment VALUES(144,146,9);
INSERT INTO appointment_appointmentequipment VALUES(145,147,9);
INSERT INTO appointment_appointmentequipment VALUES(146,148,9);
INSERT INTO appointment_appointmentequipment VALUES(147,149,9);
INSERT INTO appointment_appointmentequipment VALUES(148,150,9);
INSERT INTO appointment_appointmentequipment VALUES(149,151,9);
INSERT INTO appointment_appointmentequipment VALUES(150,152,9);
INSERT INTO appointment_appointmentequipment VALUES(151,153,9);
INSERT INTO appointment_appointmentequipment VALUES(152,154,9);
INSERT INTO appointment_appointmentequipment VALUES(153,155,9);
INSERT INTO appointment_appointmentequipment VALUES(154,156,9);
INSERT INTO appointment_appointmentequipment VALUES(155,157,9);
INSERT INTO appointment_appointmentequipment VALUES(156,158,9);
INSERT INTO appointment_appointmentequipment VALUES(157,159,9);
INSERT INTO appointment_appointmentequipment VALUES(158,160,9);
INSERT INTO appointment_appointmentequipment VALUES(159,161,9);
INSERT INTO appointment_appointmentequipment VALUES(160,162,9);
INSERT INTO appointment_appointmentequipment VALUES(161,163,9);
INSERT INTO appointment_appointmentequipment VALUES(162,164,9);
INSERT INTO appointment_appointmentequipment VALUES(163,165,9);
INSERT INTO appointment_appointmentequipment VALUES(164,166,9);
INSERT INTO appointment_appointmentequipment VALUES(165,167,9);
INSERT INTO appointment_appointmentequipment VALUES(166,168,9);
INSERT INTO appointment_appointmentequipment VALUES(167,169,9);
INSERT INTO appointment_appointmentequipment VALUES(168,170,9);
INSERT INTO appointment_appointmentequipment VALUES(169,171,9);
INSERT INTO appointment_appointmentequipment VALUES(170,172,9);
INSERT INTO appointment_appointmentequipment VALUES(171,173,9);
INSERT INTO appointment_appointmentequipment VALUES(172,174,9);
INSERT INTO appointment_appointmentequipment VALUES(173,175,9);
INSERT INTO appointment_appointmentequipment VALUES(174,176,9);
INSERT INTO appointment_appointmentequipment VALUES(175,177,9);
INSERT INTO appointment_appointmentequipment VALUES(176,178,9);
INSERT INTO appointment_appointmentequipment VALUES(177,179,9);
INSERT INTO appointment_appointmentequipment VALUES(178,180,9);
INSERT INTO appointment_appointmentequipment VALUES(179,181,9);
INSERT INTO appointment_appointmentequipment VALUES(180,182,9);
CREATE TABLE IF NOT EXISTS "audit_activitylog" ("id" integer NOT NULL PRIMARY KEY AUTOINCREMENT, "action" varchar(10) NOT NULL, "object_type" varchar(100) NOT NULL, "timestamp" datetime NOT NULL, "details" text NOT NULL, "user_id" bigint NULL REFERENCES "person_person" ("id") DEFERRABLE INITIALLY DEFERRED, "object_id" integer NOT NULL);
CREATE TABLE IF NOT EXISTS "django_content_type" ("id" integer NOT NULL PRIMARY KEY AUTOINCREMENT, "app_label" varchar(100) NOT NULL, "model" varchar(100) NOT NULL);
INSERT INTO django_content_type VALUES(1,'admin','logentry');
INSERT INTO django_content_type VALUES(2,'auth','group');
INSERT INTO django_content_type VALUES(3,'auth','permission');
INSERT INTO django_content_type VALUES(4,'auth','user');
INSERT INTO django_content_type VALUES(5,'contenttypes','contenttype');
INSERT INTO django_content_type VALUES(6,'sessions','session');
INSERT INTO django_content_type VALUES(7,'inventory','inventory');
INSERT INTO django_content_type VALUES(8,'inventory','item');
INSERT INTO django_content_type VALUES(9,'inventory','treatmenttype');
INSERT INTO django_content_type VALUES(10,'person','person');
INSERT INTO django_content_type VALUES(11,'animal','animal');
INSERT INTO django_content_type VALUES(12,'animal','soapnote');
INSERT INTO django_content_type VALUES(13,'animal','species');
INSERT INTO django_content_type VALUES(14,'appointment','appointment');
INSERT INTO django_content_type VALUES(15,'appointment','appointmentequipment');
INSERT INTO django_content_type VALUES(16,'appointment','appointmentitem');
INSERT INTO django_content_type VALUES(17,'appointment','appointmentprocedure');
INSERT INTO django_content_type VALUES(18,'appointment','emergencytype');
INSERT INTO django_content_type VALUES(19,'appointment','equipment');
INSERT INTO django_content_type VALUES(20,'appointment','procedure');
INSERT INTO django_content_type VALUES(21,'appointment','room');
INSERT INTO django_content_type VALUES(22,'appointment','roomtype');
INSERT INTO django_content_type VALUES(23,'employee','availabilityemployee');
INSERT INTO django_content_type VALUES(24,'employee','availabilityexception');
INSERT INTO django_content_type VALUES(25,'employee','employee');
INSERT INTO django_content_type VALUES(26,'employee','openexception');
INSERT INTO django_content_type VALUES(27,'employee','openhours');
INSERT INTO django_content_type VALUES(28,'employee','role');
INSERT INTO django_content_type VALUES(29,'family','extra_family_member');
INSERT INTO django_content_type VALUES(30,'family','family');
INSERT INTO django_content_type VALUES(31,'audit','activitylog');
CREATE TABLE IF NOT EXISTS "auth_permission" ("id" integer NOT NULL PRIMARY KEY AUTOINCREMENT, "content_type_id" integer NOT NULL REFERENCES "django_content_type" ("id") DEFERRABLE INITIALLY DEFERRED, "codename" varchar(100) NOT NULL, "name" varchar(255) NOT NULL);
INSERT INTO auth_permission VALUES(1,1,'add_logentry','Can add log entry');
INSERT INTO auth_permission VALUES(2,1,'change_logentry','Can change log entry');
INSERT INTO auth_permission VALUES(3,1,'delete_logentry','Can delete log entry');
INSERT INTO auth_permission VALUES(4,1,'view_logentry','Can view log entry');
INSERT INTO auth_permission VALUES(5,3,'add_permission','Can add permission');
INSERT INTO auth_permission VALUES(6,3,'change_permission','Can change permission');
INSERT INTO auth_permission VALUES(7,3,'delete_permission','Can delete permission');
INSERT INTO auth_permission VALUES(8,3,'view_permission','Can view permission');
INSERT INTO auth_permission VALUES(9,2,'add_group','Can add group');
INSERT INTO auth_permission VALUES(10,2,'change_group','Can change group');
INSERT INTO auth_permission VALUES(11,2,'delete_group','Can delete group');
INSERT INTO auth_permission VALUES(12,2,'view_group','Can view group');
INSERT INTO auth_permission VALUES(13,4,'add_user','Can add user');
INSERT INTO auth_permission VALUES(14,4,'change_user','Can change user');
INSERT INTO auth_permission VALUES(15,4,'delete_user','Can delete user');
INSERT INTO auth_permission VALUES(16,4,'view_user','Can view user');
INSERT INTO auth_permission VALUES(17,5,'add_contenttype','Can add content type');
INSERT INTO auth_permission VALUES(18,5,'change_contenttype','Can change content type');
INSERT INTO auth_permission VALUES(19,5,'delete_contenttype','Can delete content type');
INSERT INTO auth_permission VALUES(20,5,'view_contenttype','Can view content type');
INSERT INTO auth_permission VALUES(21,6,'add_session','Can add session');
INSERT INTO auth_permission VALUES(22,6,'change_session','Can change session');
INSERT INTO auth_permission VALUES(23,6,'delete_session','Can delete session');
INSERT INTO auth_permission VALUES(24,6,'view_session','Can view session');
INSERT INTO auth_permission VALUES(25,8,'add_item','Can add Article');
INSERT INTO auth_permission VALUES(26,8,'change_item','Can change Article');
INSERT INTO auth_permission VALUES(27,8,'delete_item','Can delete Article');
INSERT INTO auth_permission VALUES(28,8,'view_item','Can view Article');
INSERT INTO auth_permission VALUES(29,9,'add_treatmenttype','Can add Type de traitement');
INSERT INTO auth_permission VALUES(30,9,'change_treatmenttype','Can change Type de traitement');
INSERT INTO auth_permission VALUES(31,9,'delete_treatmenttype','Can delete Type de traitement');
INSERT INTO auth_permission VALUES(32,9,'view_treatmenttype','Can view Type de traitement');
INSERT INTO auth_permission VALUES(33,7,'add_inventory','Can add Inventaire');
INSERT INTO auth_permission VALUES(34,7,'change_inventory','Can change Inventaire');
INSERT INTO auth_permission VALUES(35,7,'delete_inventory','Can delete Inventaire');
INSERT INTO auth_permission VALUES(36,7,'view_inventory','Can view Inventaire');
INSERT INTO auth_permission VALUES(37,10,'add_person','Can add Personne');
INSERT INTO auth_permission VALUES(38,10,'change_person','Can change Personne');
INSERT INTO auth_permission VALUES(39,10,'delete_person','Can delete Personne');
INSERT INTO auth_permission VALUES(40,10,'view_person','Can view Personne');
INSERT INTO auth_permission VALUES(41,11,'add_animal','Can add Animal');
INSERT INTO auth_permission VALUES(42,11,'change_animal','Can change Animal');
INSERT INTO auth_permission VALUES(43,11,'delete_animal','Can delete Animal');
INSERT INTO auth_permission VALUES(44,11,'view_animal','Can view Animal');
INSERT INTO auth_permission VALUES(45,12,'add_soapnote','Can add SOAP Note');
INSERT INTO auth_permission VALUES(46,12,'change_soapnote','Can change SOAP Note');
INSERT INTO auth_permission VALUES(47,12,'delete_soapnote','Can delete SOAP Note');
INSERT INTO auth_permission VALUES(48,12,'view_soapnote','Can view SOAP Note');
INSERT INTO auth_permission VALUES(49,13,'add_species','Can add Espèce');
INSERT INTO auth_permission VALUES(50,13,'change_species','Can change Espèce');
INSERT INTO auth_permission VALUES(51,13,'delete_species','Can delete Espèce');
INSERT INTO auth_permission VALUES(52,13,'view_species','Can view Espèce');
INSERT INTO auth_permission VALUES(53,18,'add_emergencytype','Can add Type de rendez-vous');
INSERT INTO auth_permission VALUES(54,18,'change_emergencytype','Can change Type de rendez-vous');
INSERT INTO auth_permission VALUES(55,18,'delete_emergencytype','Can delete Type de rendez-vous');
INSERT INTO auth_permission VALUES(56,18,'view_emergencytype','Can view Type de rendez-vous');
INSERT INTO auth_permission VALUES(57,19,'add_equipment','Can add Équipement');
INSERT INTO auth_permission VALUES(58,19,'change_equipment','Can change Équipement');
INSERT INTO auth_permission VALUES(59,19,'delete_equipment','Can delete Équipement');
INSERT INTO auth_permission VALUES(60,19,'view_equipment','Can view Équipement');
INSERT INTO auth_permission VALUES(61,20,'add_procedure','Can add Procédure');
INSERT INTO auth_permission VALUES(62,20,'change_procedure','Can change Procédure');
INSERT INTO auth_permission VALUES(63,20,'delete_procedure','Can delete Procédure');
INSERT INTO auth_permission VALUES(64,20,'view_procedure','Can view Procédure');
INSERT INTO auth_permission VALUES(65,21,'add_room','Can add Salles');
INSERT INTO auth_permission VALUES(66,21,'change_room','Can change Salles');
INSERT INTO auth_permission VALUES(67,21,'delete_room','Can delete Salles');
INSERT INTO auth_permission VALUES(68,21,'view_room','Can view Salles');
INSERT INTO auth_permission VALUES(69,22,'add_roomtype','Can add Type de salle');
INSERT INTO auth_permission VALUES(70,22,'change_roomtype','Can change Type de salle');
INSERT INTO auth_permission VALUES(71,22,'delete_roomtype','Can delete Type de salle');
INSERT INTO auth_permission VALUES(72,22,'view_roomtype','Can view Type de salle');
INSERT INTO auth_permission VALUES(73,14,'add_appointment','Can add Consultation');
INSERT INTO auth_permission VALUES(74,14,'change_appointment','Can change Consultation');
INSERT INTO auth_permission VALUES(75,14,'delete_appointment','Can delete Consultation');
INSERT INTO auth_permission VALUES(76,14,'view_appointment','Can view Consultation');
INSERT INTO auth_permission VALUES(77,16,'add_appointmentitem','Can add Association consultation/article');
INSERT INTO auth_permission VALUES(78,16,'change_appointmentitem','Can change Association consultation/article');
INSERT INTO auth_permission VALUES(79,16,'delete_appointmentitem','Can delete Association consultation/article');
INSERT INTO auth_permission VALUES(80,16,'view_appointmentitem','Can view Association consultation/article');
INSERT INTO auth_permission VALUES(81,17,'add_appointmentprocedure','Can add Association consultation/procédure');
INSERT INTO auth_permission VALUES(82,17,'change_appointmentprocedure','Can change Association consultation/procédure');
INSERT INTO auth_permission VALUES(83,17,'delete_appointmentprocedure','Can delete Association consultation/procédure');
INSERT INTO auth_permission VALUES(84,17,'view_appointmentprocedure','Can view Association consultation/procédure');
INSERT INTO auth_permission VALUES(85,15,'add_appointmentequipment','Can add Association consultation/équipement');
INSERT INTO auth_permission VALUES(86,15,'change_appointmentequipment','Can change Association consultation/équipement');
INSERT INTO auth_permission VALUES(87,15,'delete_appointmentequipment','Can delete Association consultation/équipement');
INSERT INTO auth_permission VALUES(88,15,'view_appointmentequipment','Can view Association consultation/équipement');
INSERT INTO auth_permission VALUES(89,28,'add_role','Can add Fonction de l''employé(e)');
INSERT INTO auth_permission VALUES(90,28,'change_role','Can change Fonction de l''employé(e)');
INSERT INTO auth_permission VALUES(91,28,'delete_role','Can delete Fonction de l''employé(e)');
INSERT INTO auth_permission VALUES(92,28,'view_role','Can view Fonction de l''employé(e)');
INSERT INTO auth_permission VALUES(93,25,'add_employee','Can add Employé(e)');
INSERT INTO auth_permission VALUES(94,25,'change_employee','Can change Employé(e)');
INSERT INTO auth_permission VALUES(95,25,'delete_employee','Can delete Employé(e)');
INSERT INTO auth_permission VALUES(96,25,'view_employee','Can view Employé(e)');
INSERT INTO auth_permission VALUES(97,23,'add_availabilityemployee','Can add availability employee');
INSERT INTO auth_permission VALUES(98,23,'change_availabilityemployee','Can change availability employee');
INSERT INTO auth_permission VALUES(99,23,'delete_availabilityemployee','Can delete availability employee');
INSERT INTO auth_permission VALUES(100,23,'view_availabilityemployee','Can view availability employee');
INSERT INTO auth_permission VALUES(101,26,'add_openexception','Can add Exception aux heures d''ouverture');
INSERT INTO auth_permission VALUES(102,26,'change_openexception','Can change Exception aux heures d''ouverture');
INSERT INTO auth_permission VALUES(103,26,'delete_openexception','Can delete Exception aux heures d''ouverture');
INSERT INTO auth_permission VALUES(104,26,'view_openexception','Can view Exception aux heures d''ouverture');
INSERT INTO auth_permission VALUES(105,27,'add_openhours','Can add Heure d''ouverture');
INSERT INTO auth_permission VALUES(106,27,'change_openhours','Can change Heure d''ouverture');
INSERT INTO auth_permission VALUES(107,27,'delete_openhours','Can delete Heure d''ouverture');
INSERT INTO auth_permission VALUES(108,27,'view_openhours','Can view Heure d''ouverture');
INSERT INTO auth_permission VALUES(109,24,'add_availabilityexception','Can add availability exception');
INSERT INTO auth_permission VALUES(110,24,'change_availabilityexception','Can change availability exception');
INSERT INTO auth_permission VALUES(111,24,'delete_availabilityexception','Can delete availability exception');
INSERT INTO auth_permission VALUES(112,24,'view_availabilityexception','Can view availability exception');
INSERT INTO auth_permission VALUES(113,30,'add_family','Can add Famille');
INSERT INTO auth_permission VALUES(114,30,'change_family','Can change Famille');
INSERT INTO auth_permission VALUES(115,30,'delete_family','Can delete Famille');
INSERT INTO auth_permission VALUES(116,30,'view_family','Can view Famille');
INSERT INTO auth_permission VALUES(117,29,'add_extra_family_member','Can add Membre');
INSERT INTO auth_permission VALUES(118,29,'change_extra_family_member','Can change Membre');
INSERT INTO auth_permission VALUES(119,29,'delete_extra_family_member','Can delete Membre');
INSERT INTO auth_permission VALUES(120,29,'view_extra_family_member','Can view Membre');
INSERT INTO auth_permission VALUES(121,31,'add_activitylog','Can add Journal d''activité');
INSERT INTO auth_permission VALUES(122,31,'change_activitylog','Can change Journal d''activité');
INSERT INTO auth_permission VALUES(123,31,'delete_activitylog','Can delete Journal d''activité');
INSERT INTO auth_permission VALUES(124,31,'view_activitylog','Can view Journal d''activité');
CREATE TABLE IF NOT EXISTS "auth_group" ("id" integer NOT NULL PRIMARY KEY AUTOINCREMENT, "name" varchar(150) NOT NULL UNIQUE);
CREATE TABLE IF NOT EXISTS "auth_user" ("id" integer NOT NULL PRIMARY KEY AUTOINCREMENT, "password" varchar(128) NOT NULL, "last_login" datetime NULL, "is_superuser" bool NOT NULL, "username" varchar(150) NOT NULL UNIQUE, "last_name" varchar(150) NOT NULL, "email" varchar(254) NOT NULL, "is_staff" bool NOT NULL, "is_active" bool NOT NULL, "date_joined" datetime NOT NULL, "first_name" varchar(150) NOT NULL);
INSERT INTO auth_user VALUES(1,'pbkdf2_sha256$1200000$6qQjR4It0zyD61Y6odE8bm$j+ijtYf7MovKEfqxZItH8m0I1RnqAwL2n/Au7FwnL+A=','2026-01-11 14:33:52.375632',1,'karelsvbd','','',1,1,'2026-01-11 14:33:21.636857','');
INSERT INTO auth_user VALUES(2,'pbkdf2_sha256$1200000$pahAF2CNKbHMaQvvxvgpAU$ooHb3xmtlTC2aRwnzIK6NNCS/s+vJZlR8iXJ6LTx8tg=',NULL,0,'grace.naing@vet.ch','Naing','grace.naing@vet.ch',0,1,'2026-01-11 14:33:22.186148','Grace');
INSERT INTO auth_user VALUES(3,'pbkdf2_sha256$1200000$2Laj0W4BDRolq43tLh4SuN$Ck0/mYWLgLodd1dAF8n2EgHlYCvUFNE375tB3xIqV7E=','2026-01-11 14:35:09.018654',0,'karel.svoboda@vet.ch','Svoboda','karel.svoboda@vet.ch',0,1,'2026-01-11 14:33:22.336750','Karel');
INSERT INTO auth_user VALUES(4,'pbkdf2_sha256$1200000$hfqZiS8rdjZCWjVWTfclsx$tIVXbLUDXq4uEHdBkEOxOpmL1SV6l7CQeDeCHL+Xtq8=',NULL,0,'aurelie.pham@vet.ch','Pham','aurelie.pham@vet.ch',0,1,'2026-01-11 14:33:22.490115','Aurélie');
INSERT INTO auth_user VALUES(5,'pbkdf2_sha256$1200000$l4XT6McAm7ZzfB6RypKncU$+ZapwsD06PwWusikNnNVOA+GiXeDXLg5qRi0ZZ4LlJI=',NULL,0,'martin.martin@vet.ch','Martin','martin.martin@vet.ch',0,1,'2026-01-11 14:33:22.644760','Martin');
INSERT INTO auth_user VALUES(6,'hashed_password_5',NULL,0,'claire.moreau@example.ch','Moreau','claire.moreau@example.ch',0,1,'2026-01-11 14:33:22.650991','Claire');
INSERT INTO auth_user VALUES(7,'hashed_password_6',NULL,0,'thomas.petit@example.ch','Petit','thomas.petit@example.ch',0,1,'2026-01-11 14:33:22.656027','Thomas');
CREATE TABLE IF NOT EXISTS "employee_openexception" ("id" integer NOT NULL PRIMARY KEY AUTOINCREMENT, "start_date" datetime NOT NULL, "end_date" datetime NOT NULL, "is_open" bool NOT NULL);
CREATE TABLE IF NOT EXISTS "employee_openhours" ("id" integer NOT NULL PRIMARY KEY AUTOINCREMENT, "start_date" date NOT NULL, "end_date" date NOT NULL, "day_of_week" integer NOT NULL, "start_time" time NOT NULL, "end_time" time NOT NULL);
INSERT INTO employee_openhours VALUES(41,'2025-12-01','2025-12-31',0,'08:00:00','12:00:00');
INSERT INTO employee_openhours VALUES(42,'2026-01-01','2026-12-31',0,'08:00:00','12:00:00');
INSERT INTO employee_openhours VALUES(43,'2025-12-01','2025-12-31',0,'14:00:00','18:00:00');
INSERT INTO employee_openhours VALUES(44,'2026-01-01','2026-12-31',0,'14:00:00','18:00:00');
INSERT INTO employee_openhours VALUES(45,'2025-12-01','2025-12-31',1,'08:00:00','12:00:00');
INSERT INTO employee_openhours VALUES(46,'2026-01-01','2026-12-31',1,'08:00:00','12:00:00');
INSERT INTO employee_openhours VALUES(47,'2025-12-01','2025-12-31',1,'14:00:00','18:00:00');
INSERT INTO employee_openhours VALUES(48,'2026-01-01','2026-12-31',1,'14:00:00','18:00:00');
INSERT INTO employee_openhours VALUES(49,'2025-12-01','2025-12-31',2,'08:00:00','12:00:00');
INSERT INTO employee_openhours VALUES(50,'2026-01-01','2026-12-31',2,'08:00:00','12:00:00');
INSERT INTO employee_openhours VALUES(51,'2025-12-01','2025-12-31',2,'14:00:00','18:00:00');
INSERT INTO employee_openhours VALUES(52,'2026-01-01','2026-12-31',2,'14:00:00','18:00:00');
INSERT INTO employee_openhours VALUES(53,'2025-12-01','2025-12-31',3,'08:00:00','12:00:00');
INSERT INTO employee_openhours VALUES(54,'2026-01-01','2026-12-31',3,'08:00:00','12:00:00');
INSERT INTO employee_openhours VALUES(55,'2025-12-01','2025-12-31',3,'14:00:00','18:00:00');
INSERT INTO employee_openhours VALUES(56,'2026-01-01','2026-12-31',3,'14:00:00','18:00:00');
INSERT INTO employee_openhours VALUES(57,'2025-12-01','2025-12-31',4,'08:00:00','12:00:00');
INSERT INTO employee_openhours VALUES(58,'2026-01-01','2026-12-31',4,'08:00:00','12:00:00');
INSERT INTO employee_openhours VALUES(59,'2025-12-01','2025-12-31',4,'14:00:00','18:00:00');
INSERT INTO employee_openhours VALUES(60,'2026-01-01','2026-12-31',4,'14:00:00','18:00:00');
CREATE TABLE IF NOT EXISTS "employee_availabilityemployee" ("id" integer NOT NULL PRIMARY KEY AUTOINCREMENT, "employee_id" bigint NOT NULL REFERENCES "employee_employee" ("id") DEFERRABLE INITIALLY DEFERRED, "day_of_week" integer NOT NULL, "end_date" date NOT NULL, "end_time" time NOT NULL, "start_date" date NOT NULL, "start_time" time NOT NULL);
INSERT INTO employee_availabilityemployee VALUES(61,9,0,'2025-12-31','12:00:00','2025-01-01','08:00:00');
INSERT INTO employee_availabilityemployee VALUES(62,9,0,'2025-12-31','18:00:00','2025-01-01','14:00:00');
INSERT INTO employee_availabilityemployee VALUES(63,9,1,'2025-12-31','12:00:00','2025-01-01','08:00:00');
INSERT INTO employee_availabilityemployee VALUES(64,9,1,'2025-12-31','18:00:00','2025-01-01','14:00:00');
INSERT INTO employee_availabilityemployee VALUES(65,9,2,'2025-12-31','12:00:00','2025-01-01','08:00:00');
INSERT INTO employee_availabilityemployee VALUES(66,9,2,'2025-12-31','18:00:00','2025-01-01','14:00:00');
INSERT INTO employee_availabilityemployee VALUES(67,9,3,'2025-12-31','12:00:00','2025-01-01','08:00:00');
INSERT INTO employee_availabilityemployee VALUES(68,9,3,'2025-12-31','18:00:00','2025-01-01','14:00:00');
INSERT INTO employee_availabilityemployee VALUES(69,9,4,'2025-12-31','12:00:00','2025-01-01','08:00:00');
INSERT INTO employee_availabilityemployee VALUES(70,9,4,'2025-12-31','18:00:00','2025-01-01','14:00:00');
INSERT INTO employee_availabilityemployee VALUES(71,9,0,'2026-12-31','12:00:00','2026-01-01','08:00:00');
INSERT INTO employee_availabilityemployee VALUES(72,9,0,'2026-12-31','18:00:00','2026-01-01','14:00:00');
INSERT INTO employee_availabilityemployee VALUES(73,9,1,'2026-12-31','12:00:00','2026-01-01','08:00:00');
INSERT INTO employee_availabilityemployee VALUES(74,9,1,'2026-12-31','18:00:00','2026-01-01','14:00:00');
INSERT INTO employee_availabilityemployee VALUES(75,9,2,'2026-12-31','12:00:00','2026-01-01','08:00:00');
INSERT INTO employee_availabilityemployee VALUES(76,9,2,'2026-12-31','18:00:00','2026-01-01','14:00:00');
INSERT INTO employee_availabilityemployee VALUES(77,9,3,'2026-12-31','12:00:00','2026-01-01','08:00:00');
INSERT INTO employee_availabilityemployee VALUES(78,9,3,'2026-12-31','18:00:00','2026-01-01','14:00:00');
INSERT INTO employee_availabilityemployee VALUES(79,9,4,'2026-12-31','12:00:00','2026-01-01','08:00:00');
INSERT INTO employee_availabilityemployee VALUES(80,9,4,'2026-12-31','18:00:00','2026-01-01','14:00:00');
INSERT INTO employee_availabilityemployee VALUES(81,10,0,'2026-12-31','17:00:00','2025-01-01','09:00:00');
INSERT INTO employee_availabilityemployee VALUES(82,10,2,'2026-12-31','17:00:00','2025-01-01','09:00:00');
INSERT INTO employee_availabilityemployee VALUES(83,10,4,'2026-12-31','17:00:00','2025-01-01','09:00:00');
INSERT INTO employee_availabilityemployee VALUES(84,11,1,'2026-12-31','16:00:00','2025-01-01','10:00:00');
INSERT INTO employee_availabilityemployee VALUES(85,11,3,'2026-12-31','16:00:00','2025-01-01','10:00:00');
INSERT INTO employee_availabilityemployee VALUES(86,12,0,'2026-12-31','17:00:00','2025-01-01','08:00:00');
INSERT INTO employee_availabilityemployee VALUES(87,12,1,'2026-12-31','17:00:00','2025-01-01','08:00:00');
INSERT INTO employee_availabilityemployee VALUES(88,12,2,'2026-12-31','17:00:00','2025-01-01','08:00:00');
INSERT INTO employee_availabilityemployee VALUES(89,12,3,'2026-12-31','17:00:00','2025-01-01','08:00:00');
INSERT INTO employee_availabilityemployee VALUES(90,12,4,'2026-12-31','17:00:00','2025-01-01','08:00:00');
CREATE TABLE IF NOT EXISTS "employee_availabilityexception" ("id" integer NOT NULL PRIMARY KEY AUTOINCREMENT, "start_date" datetime NOT NULL, "end_date" datetime NOT NULL, "is_available" bool NOT NULL, "employee_id" bigint NOT NULL REFERENCES "employee_employee" ("id") DEFERRABLE INITIALLY DEFERRED);
CREATE TABLE IF NOT EXISTS "family_family" ("id" integer NOT NULL PRIMARY KEY AUTOINCREMENT, "main_contact_id" bigint NOT NULL REFERENCES "person_person" ("id") DEFERRABLE INITIALLY DEFERRED, "creation_date" date NOT NULL);
INSERT INTO family_family VALUES(7,16,'2026-01-11');
INSERT INTO family_family VALUES(8,17,'2026-01-11');
INSERT INTO family_family VALUES(9,18,'2026-01-11');
CREATE TABLE IF NOT EXISTS "person_person" ("id" integer NOT NULL PRIMARY KEY AUTOINCREMENT, "first_name" varchar(100) NOT NULL, "last_name" varchar(100) NOT NULL, "phone" integer NOT NULL, "email" varchar(255) NOT NULL UNIQUE, "birthday" date NOT NULL, "last_login" datetime NULL, "user_id" integer NULL UNIQUE REFERENCES "auth_user" ("id") DEFERRABLE INITIALLY DEFERRED, "password_hash" varchar(128) NULL);
INSERT INTO person_person VALUES(13,'Grace','Naing',41791234567,'grace.naing@vet.ch','1985-03-15',NULL,2,'pbkdf2_sha256$1200000$cqK9JqgtAPNrSzHeoBosJk$t1m53vgMRv2ecAJRlfDu2NQ4eoJThY0y5j0rvaY1o8k=');
INSERT INTO person_person VALUES(14,'Karel','Svoboda',41791234568,'karel.svoboda@vet.ch','1990-07-22',NULL,3,'pbkdf2_sha256$1200000$TLAIFt1o2Th6PvxvNI8EFe$XxDRVGekxVLozAxuzFZg4IXYLv9zu/oQ43Tz3epT7Jg=');
INSERT INTO person_person VALUES(15,'Aurélie','Pham',41791234569,'aurelie.pham@vet.ch','1988-11-05',NULL,4,'pbkdf2_sha256$1200000$d9ef7OGe6Z3MbwiWTVpoGa$ODHux0O5W6zZDR72Sinqc1M8TG8qxEwu3XLWSICeyKs=');
INSERT INTO person_person VALUES(16,'Martin','Martin',41791234570,'martin.martin@vet.ch','1975-04-18',NULL,5,'pbkdf2_sha256$1200000$9KD3s5u1GbZjN0JldFiusn$1z7eDy71f1y3gFY42NNHAUAETSnXQ1eX3Erw0Shszlo=');
INSERT INTO person_person VALUES(17,'Claire','Moreau',41791234571,'claire.moreau@example.ch','1992-09-30',NULL,6,'hashed_password_5');
INSERT INTO person_person VALUES(18,'Thomas','Petit',41791234572,'thomas.petit@example.ch','1983-12-08',NULL,7,'hashed_password_6');
CREATE TABLE IF NOT EXISTS "django_session" ("session_key" varchar(40) NOT NULL PRIMARY KEY, "session_data" text NOT NULL, "expire_date" datetime NOT NULL);
INSERT INTO django_session VALUES('b8eutrr3nhbboaif2k6kyggbg4bnvyn2','.eJxVyzEOwjAMheG7ZEaVnQSTssEJuEFkO66CkApq6IS4O6XqAOv3v_dymednzXOzKV-LO7rgdr8mrDcbv-FhU7uP3Zo2bd1lxdNi5234967c6nKNIEBRNMUw2GCpaGQSrwdEkoJQSAkhEfRM6H3AlEJUYhUV2_fq3h9XvDc6:1vewX7:QAp6Y9WYM8N1OZvzbH2r3KUfTtfxJCi1IXLC3sd8OJg','2026-01-25 14:35:09.020630');
PRAGMA writable_schema=ON;
CREATE TABLE IF NOT EXISTS sqlite_sequence(name,seq);
DELETE FROM sqlite_sequence;
INSERT INTO sqlite_sequence VALUES('django_migrations',42);
INSERT INTO sqlite_sequence VALUES('django_admin_log',0);
INSERT INTO sqlite_sequence VALUES('animal_animal',12);
INSERT INTO sqlite_sequence VALUES('animal_species',5);
INSERT INTO sqlite_sequence VALUES('animal_soapnote',12);
INSERT INTO sqlite_sequence VALUES('inventory_item',21);
INSERT INTO sqlite_sequence VALUES('appointment_room',9);
INSERT INTO sqlite_sequence VALUES('appointment_appointmentequipment',180);
INSERT INTO sqlite_sequence VALUES('audit_activitylog',3);
INSERT INTO sqlite_sequence VALUES('django_content_type',31);
INSERT INTO sqlite_sequence VALUES('auth_permission',124);
INSERT INTO sqlite_sequence VALUES('auth_group',0);
INSERT INTO sqlite_sequence VALUES('auth_user',7);
INSERT INTO sqlite_sequence VALUES('employee_availabilityemployee',90);
INSERT INTO sqlite_sequence VALUES('family_family',9);
INSERT INTO sqlite_sequence VALUES('person_person',18);
INSERT INTO sqlite_sequence VALUES('family_extra_family_member',9);
INSERT INTO sqlite_sequence VALUES('employee_role',9);
INSERT INTO sqlite_sequence VALUES('employee_employee',12);
INSERT INTO sqlite_sequence VALUES('inventory_treatmenttype',12);
INSERT INTO sqlite_sequence VALUES('inventory_inventory',21);
INSERT INTO sqlite_sequence VALUES('appointment_roomtype',9);
INSERT INTO sqlite_sequence VALUES('appointment_emergencytype',9);
INSERT INTO sqlite_sequence VALUES('appointment_procedure',12);
INSERT INTO sqlite_sequence VALUES('appointment_equipment',12);
INSERT INTO sqlite_sequence VALUES('appointment_appointment',182);
INSERT INTO sqlite_sequence VALUES('appointment_appointmentprocedure',180);
INSERT INTO sqlite_sequence VALUES('appointment_appointmentitem',180);
INSERT INTO sqlite_sequence VALUES('employee_openhours',60);
CREATE UNIQUE INDEX "auth_group_permissions_group_id_permission_id_0cd325b0_uniq" ON "auth_group_permissions" ("group_id", "permission_id");
CREATE INDEX "auth_group_permissions_group_id_b120cbf9" ON "auth_group_permissions" ("group_id");
CREATE INDEX "auth_group_permissions_permission_id_84c5c92e" ON "auth_group_permissions" ("permission_id");
CREATE UNIQUE INDEX "auth_user_groups_user_id_group_id_94350c0c_uniq" ON "auth_user_groups" ("user_id", "group_id");
CREATE INDEX "auth_user_groups_user_id_6a12ed8b" ON "auth_user_groups" ("user_id");
CREATE INDEX "auth_user_groups_group_id_97559544" ON "auth_user_groups" ("group_id");
CREATE UNIQUE INDEX "auth_user_user_permissions_user_id_permission_id_14a6b632_uniq" ON "auth_user_user_permissions" ("user_id", "permission_id");
CREATE INDEX "auth_user_user_permissions_user_id_a95ead1b" ON "auth_user_user_permissions" ("user_id");
CREATE INDEX "auth_user_user_permissions_permission_id_1fbb5f2c" ON "auth_user_user_permissions" ("permission_id");
CREATE INDEX "django_admin_log_content_type_id_c4bce8eb" ON "django_admin_log" ("content_type_id");
CREATE INDEX "django_admin_log_user_id_c564eba6" ON "django_admin_log" ("user_id");
CREATE INDEX "family_extra_family_member_person_id_2d64e18d" ON "family_extra_family_member" ("person_id");
CREATE INDEX "family_extra_family_member_family_id_84993817" ON "family_extra_family_member" ("family_id");
CREATE INDEX "employee_employee_person_id_025cc585" ON "employee_employee" ("person_id");
CREATE INDEX "employee_employee_role_id_a4c099f1" ON "employee_employee" ("role_id");
CREATE INDEX "animal_animal_family_id_5fc2d782" ON "animal_animal" ("family_id");
CREATE INDEX "animal_animal_species_id_14ae5c10" ON "animal_animal" ("species_id");
CREATE INDEX "animal_soapnote_animal_id_088ee8ca" ON "animal_soapnote" ("animal_id");
CREATE INDEX "animal_soapnote_created_by_id_4dc783e1" ON "animal_soapnote" ("created_by_id");
CREATE INDEX "animal_soapnote_validated_by_id_513f2352" ON "animal_soapnote" ("validated_by_id");
CREATE INDEX "inventory_inventory_item_id_c77b66a4" ON "inventory_inventory" ("item_id");
CREATE INDEX "inventory_item_treatment_type_id_2bbf8b5f" ON "inventory_item" ("treatment_type_id");
CREATE INDEX "appointment_appointment_animal_id_77d06375" ON "appointment_appointment" ("animal_id");
CREATE INDEX "appointment_appointment_employee_id_62e23f7e" ON "appointment_appointment" ("employee_id");
CREATE INDEX "appointment_appointment_emergency_type_id_500d732b" ON "appointment_appointment" ("emergency_type_id");
CREATE INDEX "appointment_appointment_room_id_403f1d74" ON "appointment_appointment" ("room_id");
CREATE INDEX "appointment_appointmentitem_appointment_id_aeb4f1fc" ON "appointment_appointmentitem" ("appointment_id");
CREATE INDEX "appointment_appointmentitem_item_id_fdb76701" ON "appointment_appointmentitem" ("item_id");
CREATE INDEX "appointment_appointmentprocedure_appointment_id_3e0618ed" ON "appointment_appointmentprocedure" ("appointment_id");
CREATE INDEX "appointment_appointmentprocedure_procedure_id_1de98928" ON "appointment_appointmentprocedure" ("procedure_id");
CREATE INDEX "appointment_room_room_type_id_42021872" ON "appointment_room" ("room_type_id");
CREATE INDEX "appointment_appointmentequipment_appointment_id_08e1adbb" ON "appointment_appointmentequipment" ("appointment_id");
CREATE INDEX "appointment_appointmentequipment_equipment_id_55673b15" ON "appointment_appointmentequipment" ("equipment_id");
CREATE INDEX "audit_activitylog_user_id_3cff121f" ON "audit_activitylog" ("user_id");
CREATE UNIQUE INDEX "django_content_type_app_label_model_76bd3d3b_uniq" ON "django_content_type" ("app_label", "model");
CREATE UNIQUE INDEX "auth_permission_content_type_id_codename_01ab375a_uniq" ON "auth_permission" ("content_type_id", "codename");
CREATE INDEX "auth_permission_content_type_id_2f476e4b" ON "auth_permission" ("content_type_id");
CREATE INDEX "employee_availabilityemployee_employee_id_23756086" ON "employee_availabilityemployee" ("employee_id");
CREATE INDEX "employee_availabilityexception_employee_id_ad407342" ON "employee_availabilityexception" ("employee_id");
CREATE INDEX "family_family_main_contact_id_2ccef70a" ON "family_family" ("main_contact_id");
CREATE INDEX "django_session_expire_date_a5c62663" ON "django_session" ("expire_date");
PRAGMA writable_schema=OFF;
COMMIT;
