PRAGMA foreign_keys=OFF;
BEGIN TRANSACTION;
CREATE TABLE IF NOT EXISTS "django_migrations" ("id" integer NOT NULL PRIMARY KEY AUTOINCREMENT, "app" varchar(255) NOT NULL, "name" varchar(255) NOT NULL, "applied" datetime NOT NULL);
INSERT INTO django_migrations VALUES(1,'contenttypes','0001_initial','2025-12-20 10:07:26.677278');
INSERT INTO django_migrations VALUES(2,'auth','0001_initial','2025-12-20 10:07:26.689008');
INSERT INTO django_migrations VALUES(3,'admin','0001_initial','2025-12-20 10:07:26.696394');
INSERT INTO django_migrations VALUES(4,'admin','0002_logentry_remove_auto_add','2025-12-20 10:07:26.703227');
INSERT INTO django_migrations VALUES(5,'admin','0003_logentry_add_action_flag_choices','2025-12-20 10:07:26.708423');
INSERT INTO django_migrations VALUES(6,'person','0001_initial','2025-12-20 10:07:26.710897');
INSERT INTO django_migrations VALUES(7,'family','0001_initial','2025-12-20 10:07:26.717640');
INSERT INTO django_migrations VALUES(8,'employee','0001_initial','2025-12-20 10:07:26.727910');
INSERT INTO django_migrations VALUES(9,'animal','0001_initial','2025-12-20 10:07:26.739199');
INSERT INTO django_migrations VALUES(10,'inventory','0001_initial','2025-12-20 10:07:26.747890');
INSERT INTO django_migrations VALUES(11,'appointment','0001_initial','2025-12-20 10:07:26.789774');
INSERT INTO django_migrations VALUES(12,'appointment','0002_alter_appointmentequipment_equipment','2025-12-20 10:07:26.802317');
INSERT INTO django_migrations VALUES(13,'contenttypes','0002_remove_content_type_name','2025-12-20 10:07:26.820226');
INSERT INTO django_migrations VALUES(14,'auth','0002_alter_permission_name_max_length','2025-12-20 10:07:26.826683');
INSERT INTO django_migrations VALUES(15,'auth','0003_alter_user_email_max_length','2025-12-20 10:07:26.834889');
INSERT INTO django_migrations VALUES(16,'auth','0004_alter_user_username_opts','2025-12-20 10:07:26.841893');
INSERT INTO django_migrations VALUES(17,'auth','0005_alter_user_last_login_null','2025-12-20 10:07:26.849726');
INSERT INTO django_migrations VALUES(18,'auth','0006_require_contenttypes_0002','2025-12-20 10:07:26.851941');
INSERT INTO django_migrations VALUES(19,'auth','0007_alter_validators_add_error_messages','2025-12-20 10:07:26.856824');
INSERT INTO django_migrations VALUES(20,'auth','0008_alter_user_username_max_length','2025-12-20 10:07:26.863962');
INSERT INTO django_migrations VALUES(21,'auth','0009_alter_user_last_name_max_length','2025-12-20 10:07:26.870735');
INSERT INTO django_migrations VALUES(22,'auth','0010_alter_group_name_max_length','2025-12-20 10:07:26.877476');
INSERT INTO django_migrations VALUES(23,'auth','0011_update_proxy_permissions','2025-12-20 10:07:26.888390');
INSERT INTO django_migrations VALUES(24,'auth','0012_alter_user_first_name_max_length','2025-12-20 10:07:26.896192');
INSERT INTO django_migrations VALUES(25,'sessions','0001_initial','2025-12-20 10:07:26.901319');
CREATE TABLE IF NOT EXISTS "auth_group_permissions" ("id" integer NOT NULL PRIMARY KEY AUTOINCREMENT, "group_id" integer NOT NULL REFERENCES "auth_group" ("id") DEFERRABLE INITIALLY DEFERRED, "permission_id" integer NOT NULL REFERENCES "auth_permission" ("id") DEFERRABLE INITIALLY DEFERRED);
CREATE TABLE IF NOT EXISTS "auth_user_groups" ("id" integer NOT NULL PRIMARY KEY AUTOINCREMENT, "user_id" integer NOT NULL REFERENCES "auth_user" ("id") DEFERRABLE INITIALLY DEFERRED, "group_id" integer NOT NULL REFERENCES "auth_group" ("id") DEFERRABLE INITIALLY DEFERRED);
CREATE TABLE IF NOT EXISTS "auth_user_user_permissions" ("id" integer NOT NULL PRIMARY KEY AUTOINCREMENT, "user_id" integer NOT NULL REFERENCES "auth_user" ("id") DEFERRABLE INITIALLY DEFERRED, "permission_id" integer NOT NULL REFERENCES "auth_permission" ("id") DEFERRABLE INITIALLY DEFERRED);
CREATE TABLE IF NOT EXISTS "django_admin_log" ("id" integer NOT NULL PRIMARY KEY AUTOINCREMENT, "object_id" text NULL, "object_repr" varchar(200) NOT NULL, "action_flag" smallint unsigned NOT NULL CHECK ("action_flag" >= 0), "change_message" text NOT NULL, "content_type_id" integer NULL REFERENCES "django_content_type" ("id") DEFERRABLE INITIALLY DEFERRED, "user_id" integer NOT NULL REFERENCES "auth_user" ("id") DEFERRABLE INITIALLY DEFERRED, "action_time" datetime NOT NULL);
CREATE TABLE IF NOT EXISTS "person_person" ("id" integer NOT NULL PRIMARY KEY AUTOINCREMENT, "first_name" varchar(100) NOT NULL, "last_name" varchar(100) NOT NULL, "phone" integer NOT NULL, "email" varchar(255) NOT NULL, "birthday" date NOT NULL, "password_hash" varchar NOT NULL);
INSERT INTO person_person VALUES(1,'Marie','Dupont',41791234567,'marie.dupont@example.ch','1985-03-15','hashed_password_1');
INSERT INTO person_person VALUES(2,'Jean','Martin',41791234568,'jean.martin@example.ch','1990-07-22','hashed_password_2');
INSERT INTO person_person VALUES(3,'Sophie','Bernard',41791234569,'sophie.bernard@example.ch','1988-11-05','hashed_password_3');
INSERT INTO person_person VALUES(4,'Pierre','Leroy',41791234570,'pierre.leroy@example.ch','1975-04-18','hashed_password_4');
INSERT INTO person_person VALUES(5,'Claire','Moreau',41791234571,'claire.moreau@example.ch','1992-09-30','hashed_password_5');
INSERT INTO person_person VALUES(6,'Thomas','Petit',41791234572,'thomas.petit@example.ch','1983-12-08','hashed_password_6');
CREATE TABLE IF NOT EXISTS "family_family" ("id" integer NOT NULL PRIMARY KEY AUTOINCREMENT, "creation_date" date NOT NULL, "main_contact_id" bigint NOT NULL REFERENCES "person_person" ("id") DEFERRABLE INITIALLY DEFERRED);
INSERT INTO family_family VALUES(1,'2020-05-12',4);
INSERT INTO family_family VALUES(2,'2021-08-20',5);
INSERT INTO family_family VALUES(3,'2019-03-05',6);
CREATE TABLE IF NOT EXISTS "family_extra_family_member" ("id" integer NOT NULL PRIMARY KEY AUTOINCREMENT, "person_id" bigint NOT NULL REFERENCES "person_person" ("id") DEFERRABLE INITIALLY DEFERRED, "family_id" bigint NOT NULL REFERENCES "family_family" ("id") DEFERRABLE INITIALLY DEFERRED);
INSERT INTO family_extra_family_member VALUES(1,1,1);
INSERT INTO family_extra_family_member VALUES(2,2,2);
CREATE TABLE IF NOT EXISTS "employee_availabilityrange" ("id" integer NOT NULL PRIMARY KEY AUTOINCREMENT, "start_date" datetime NOT NULL, "end_date" datetime NOT NULL);
INSERT INTO employee_availabilityrange VALUES(1,'2025-12-21 18:08:40.103316','2025-12-21 22:08:40.103316');
INSERT INTO employee_availabilityrange VALUES(2,'2025-12-22 00:08:40.103316','2025-12-22 04:08:40.103316');
INSERT INTO employee_availabilityrange VALUES(3,'2025-12-22 18:08:40.103316','2025-12-23 03:08:40.103316');
INSERT INTO employee_availabilityrange VALUES(4,'2025-12-23 19:08:40.103316','2025-12-24 02:08:40.103316');
CREATE TABLE IF NOT EXISTS "employee_role" ("id" integer NOT NULL PRIMARY KEY AUTOINCREMENT, "name" varchar(100) NOT NULL);
INSERT INTO employee_role VALUES(1,'Vétérinaire');
INSERT INTO employee_role VALUES(2,'Réceptionniste');
INSERT INTO employee_role VALUES(3,'Étudiant vétérinaire');
CREATE TABLE IF NOT EXISTS "employee_employee" ("id" integer NOT NULL PRIMARY KEY AUTOINCREMENT, "first_engagement_date" date NOT NULL, "person_id" bigint NOT NULL REFERENCES "person_person" ("id") DEFERRABLE INITIALLY DEFERRED, "role_id" bigint NOT NULL REFERENCES "employee_role" ("id") DEFERRABLE INITIALLY DEFERRED);
INSERT INTO employee_employee VALUES(1,'2015-01-10',1,1);
INSERT INTO employee_employee VALUES(2,'2018-06-15',2,1);
INSERT INTO employee_employee VALUES(3,'2020-03-01',3,2);
CREATE TABLE IF NOT EXISTS "employee_availabilityemployee" ("id" integer NOT NULL PRIMARY KEY AUTOINCREMENT, "availability_range_id" bigint NOT NULL REFERENCES "employee_availabilityrange" ("id") DEFERRABLE INITIALLY DEFERRED, "employee_id" bigint NOT NULL REFERENCES "employee_employee" ("id") DEFERRABLE INITIALLY DEFERRED);
INSERT INTO employee_availabilityemployee VALUES(1,1,1);
INSERT INTO employee_availabilityemployee VALUES(2,2,1);
INSERT INTO employee_availabilityemployee VALUES(3,3,2);
INSERT INTO employee_availabilityemployee VALUES(4,4,3);
CREATE TABLE IF NOT EXISTS "animal_animal" ("id" integer NOT NULL PRIMARY KEY AUTOINCREMENT, "name" varchar(50) NOT NULL, "birthday" date NOT NULL, "federal_identification" varchar(100) NOT NULL, "family_id" bigint NOT NULL REFERENCES "family_family" ("id") DEFERRABLE INITIALLY DEFERRED);
INSERT INTO animal_animal VALUES(1,'Max','2018-03-10','CH-123-456-789',1);
INSERT INTO animal_animal VALUES(2,'Luna','2019-07-15','CH-987-654-321',1);
INSERT INTO animal_animal VALUES(3,'Charlie','2020-01-05','CH-555-666-777',2);
INSERT INTO animal_animal VALUES(4,'Bella','2017-11-20','CH-111-222-333',2);
CREATE TABLE IF NOT EXISTS "animal_soapnote" ("id" integer NOT NULL PRIMARY KEY AUTOINCREMENT, "content" text NOT NULL, "created_at" datetime NOT NULL, "text_subjective" text NOT NULL, "text_objective" text NOT NULL, "text_assessment" text NOT NULL, "text_plan" text NOT NULL, "animal_id" bigint NOT NULL REFERENCES "animal_animal" ("id") DEFERRABLE INITIALLY DEFERRED, "created_by_id" bigint NOT NULL REFERENCES "employee_employee" ("id") DEFERRABLE INITIALLY DEFERRED, "validated_by_id" bigint NOT NULL REFERENCES "employee_employee" ("id") DEFERRABLE INITIALLY DEFERRED);
INSERT INTO animal_soapnote VALUES(1,'Vaccination annuelle','2025-12-10 10:08:40.125654','Animal en bonne santé','Température normale, poids stable à 15kg','Aucun problème détecté','Vaccination antirabique effectuée. Prochain rappel dans 1 an.',1,1,1);
INSERT INTO animal_soapnote VALUES(2,'Consultation dermatologie','2025-12-15 10:08:40.127448','Démangeaisons fréquentes depuis 2 semaines','Rougeurs sur l''abdomen et entre les pattes','Possible allergie alimentaire ou parasites','Changement de régime alimentaire. Revoir dans 2 semaines.',2,2,1);
INSERT INTO animal_soapnote VALUES(3,'Contrôle de routine','2025-12-05 10:08:40.129224','Jeune chat actif, pas de plaintes','Bon état général, dentition saine','Animal en excellente santé','Rappel vaccination dans 6 mois',3,1,1);
CREATE TABLE IF NOT EXISTS "inventory_treatmenttype" ("id" integer NOT NULL PRIMARY KEY AUTOINCREMENT, "type" varchar(100) NOT NULL);
INSERT INTO inventory_treatmenttype VALUES(1,'Vaccination');
INSERT INTO inventory_treatmenttype VALUES(2,'Consultation');
INSERT INTO inventory_treatmenttype VALUES(3,'Chirurgie');
INSERT INTO inventory_treatmenttype VALUES(4,'Urgence');
CREATE TABLE IF NOT EXISTS "inventory_inventory" ("id" integer NOT NULL PRIMARY KEY AUTOINCREMENT, "quantity" integer NOT NULL, "expiration_date" date NOT NULL, "item_id" bigint NOT NULL REFERENCES "inventory_item" ("id") DEFERRABLE INITIALLY DEFERRED);
INSERT INTO inventory_inventory VALUES(1,50,'2026-12-31',1);
INSERT INTO inventory_inventory VALUES(2,40,'2026-08-15',2);
INSERT INTO inventory_inventory VALUES(3,100,'2025-06-30',3);
INSERT INTO inventory_inventory VALUES(4,75,'2026-03-20',4);
INSERT INTO inventory_inventory VALUES(5,20,'2027-03-15',5);
INSERT INTO inventory_inventory VALUES(6,60,'2028-01-10',6);
INSERT INTO inventory_inventory VALUES(7,200,'2026-09-30',7);
CREATE TABLE IF NOT EXISTS "inventory_item" ("id" integer NOT NULL PRIMARY KEY AUTOINCREMENT, "name" varchar(150) NOT NULL, "reminder" bool NOT NULL, "price" decimal NOT NULL, "treatment_type_id" bigint NOT NULL REFERENCES "inventory_treatmenttype" ("id") DEFERRABLE INITIALLY DEFERRED);
INSERT INTO inventory_item VALUES(1,'Vaccin antirabique',1,45,1);
INSERT INTO inventory_item VALUES(2,'Vaccin combiné (DHPP)',1,55,1);
INSERT INTO inventory_item VALUES(3,'Antibiotique (comprimés)',0,25.5,2);
INSERT INTO inventory_item VALUES(4,'Anti-inflammatoire',0,18.75,2);
INSERT INTO inventory_item VALUES(5,'Anesthésique',0,120,3);
INSERT INTO inventory_item VALUES(6,'Kit de suture',0,35,3);
INSERT INTO inventory_item VALUES(7,'Sérum physiologique',0,12,4);
CREATE TABLE IF NOT EXISTS "appointment_emergencytype" ("id" integer NOT NULL PRIMARY KEY AUTOINCREMENT, "name" varchar(100) NOT NULL);
INSERT INTO appointment_emergencytype VALUES(1,'Consultation de routine');
INSERT INTO appointment_emergencytype VALUES(2,'Urgence');
INSERT INTO appointment_emergencytype VALUES(3,'Suivi');
CREATE TABLE IF NOT EXISTS "appointment_equipment" ("id" integer NOT NULL PRIMARY KEY AUTOINCREMENT, "name" varchar(50) NOT NULL);
INSERT INTO appointment_equipment VALUES(1,'Stéthoscope');
INSERT INTO appointment_equipment VALUES(2,'Thermomètre');
INSERT INTO appointment_equipment VALUES(3,'Appareil à rayons X');
INSERT INTO appointment_equipment VALUES(4,'Échographe');
CREATE TABLE IF NOT EXISTS "appointment_procedure" ("id" integer NOT NULL PRIMARY KEY AUTOINCREMENT, "name" varchar(100) NOT NULL, "price" decimal NOT NULL);
INSERT INTO appointment_procedure VALUES(1,'Examen clinique complet',80);
INSERT INTO appointment_procedure VALUES(2,'Radiographie',150);
INSERT INTO appointment_procedure VALUES(3,'Analyse de sang',95);
INSERT INTO appointment_procedure VALUES(4,'Échographie',120);
CREATE TABLE IF NOT EXISTS "appointment_roomtype" ("id" integer NOT NULL PRIMARY KEY AUTOINCREMENT, "name" varchar(50) NOT NULL);
INSERT INTO appointment_roomtype VALUES(1,'Consultation');
INSERT INTO appointment_roomtype VALUES(2,'Chirurgie');
INSERT INTO appointment_roomtype VALUES(3,'Radiologie');
CREATE TABLE IF NOT EXISTS "appointment_appointment" ("id" integer NOT NULL PRIMARY KEY AUTOINCREMENT, "start_date" datetime NOT NULL, "end_date" datetime NOT NULL, "animal_id" bigint NOT NULL REFERENCES "animal_animal" ("id") DEFERRABLE INITIALLY DEFERRED, "employee_id" bigint NOT NULL REFERENCES "employee_employee" ("id") DEFERRABLE INITIALLY DEFERRED, "emergency_type_id" bigint NOT NULL REFERENCES "appointment_emergencytype" ("id") DEFERRABLE INITIALLY DEFERRED, "room_id" bigint NOT NULL REFERENCES "appointment_room" ("id") DEFERRABLE INITIALLY DEFERRED);
INSERT INTO appointment_appointment VALUES(1,'2025-12-23 19:08:40.192064','2025-12-23 20:08:40.192064',1,1,1,1);
INSERT INTO appointment_appointment VALUES(2,'2025-12-25 00:08:40.192064','2025-12-25 01:08:40.192064',2,2,2,3);
INSERT INTO appointment_appointment VALUES(3,'2025-12-25 21:08:40.192064','2025-12-25 21:38:40.192064',3,1,3,1);
INSERT INTO appointment_appointment VALUES(4,'2025-12-27 20:08:40.192064','2025-12-27 22:08:40.192064',1,2,2,2);
CREATE TABLE IF NOT EXISTS "appointment_appointmentitem" ("id" integer NOT NULL PRIMARY KEY AUTOINCREMENT, "quantity" integer NOT NULL, "appointment_id" bigint NOT NULL REFERENCES "appointment_appointment" ("id") DEFERRABLE INITIALLY DEFERRED, "item_id" bigint NOT NULL REFERENCES "inventory_item" ("id") DEFERRABLE INITIALLY DEFERRED);
INSERT INTO appointment_appointmentitem VALUES(1,1,1,5);
INSERT INTO appointment_appointmentitem VALUES(2,2,2,4);
INSERT INTO appointment_appointmentitem VALUES(3,1,3,5);
INSERT INTO appointment_appointmentitem VALUES(4,1,4,3);
CREATE TABLE IF NOT EXISTS "appointment_appointmentprocedure" ("id" integer NOT NULL PRIMARY KEY AUTOINCREMENT, "quantity" integer NOT NULL, "appointment_id" bigint NOT NULL REFERENCES "appointment_appointment" ("id") DEFERRABLE INITIALLY DEFERRED, "procedure_id" bigint NOT NULL REFERENCES "appointment_procedure" ("id") DEFERRABLE INITIALLY DEFERRED);
INSERT INTO appointment_appointmentprocedure VALUES(1,1,1,1);
INSERT INTO appointment_appointmentprocedure VALUES(2,1,2,2);
INSERT INTO appointment_appointmentprocedure VALUES(3,1,2,3);
INSERT INTO appointment_appointmentprocedure VALUES(4,1,3,1);
INSERT INTO appointment_appointmentprocedure VALUES(5,1,4,4);
CREATE TABLE IF NOT EXISTS "appointment_room" ("id" integer NOT NULL PRIMARY KEY AUTOINCREMENT, "room_type_id" bigint NOT NULL REFERENCES "appointment_roomtype" ("id") DEFERRABLE INITIALLY DEFERRED);
INSERT INTO appointment_room VALUES(1,1);
INSERT INTO appointment_room VALUES(2,2);
INSERT INTO appointment_room VALUES(3,3);
CREATE TABLE IF NOT EXISTS "appointment_appointmentequipment" ("id" integer NOT NULL PRIMARY KEY AUTOINCREMENT, "appointment_id" bigint NOT NULL REFERENCES "appointment_appointment" ("id") DEFERRABLE INITIALLY DEFERRED, "equipment_id" bigint NOT NULL REFERENCES "appointment_equipment" ("id") DEFERRABLE INITIALLY DEFERRED);
INSERT INTO appointment_appointmentequipment VALUES(1,1,1);
INSERT INTO appointment_appointmentequipment VALUES(2,1,2);
INSERT INTO appointment_appointmentequipment VALUES(3,2,3);
INSERT INTO appointment_appointmentequipment VALUES(4,3,1);
INSERT INTO appointment_appointmentequipment VALUES(5,4,4);
CREATE TABLE IF NOT EXISTS "django_content_type" ("id" integer NOT NULL PRIMARY KEY AUTOINCREMENT, "app_label" varchar(100) NOT NULL, "model" varchar(100) NOT NULL);
INSERT INTO django_content_type VALUES(1,'admin','logentry');
INSERT INTO django_content_type VALUES(2,'auth','group');
INSERT INTO django_content_type VALUES(3,'auth','permission');
INSERT INTO django_content_type VALUES(4,'auth','user');
INSERT INTO django_content_type VALUES(5,'contenttypes','contenttype');
INSERT INTO django_content_type VALUES(6,'sessions','session');
INSERT INTO django_content_type VALUES(7,'inventory','inventory');
INSERT INTO django_content_type VALUES(8,'inventory','item');
INSERT INTO django_content_type VALUES(9,'inventory','treatmenttype');
INSERT INTO django_content_type VALUES(10,'person','person');
INSERT INTO django_content_type VALUES(11,'animal','animal');
INSERT INTO django_content_type VALUES(12,'animal','soapnote');
INSERT INTO django_content_type VALUES(13,'appointment','appointment');
INSERT INTO django_content_type VALUES(14,'appointment','appointmentequipment');
INSERT INTO django_content_type VALUES(15,'appointment','appointmentitem');
INSERT INTO django_content_type VALUES(16,'appointment','appointmentprocedure');
INSERT INTO django_content_type VALUES(17,'appointment','emergencytype');
INSERT INTO django_content_type VALUES(18,'appointment','equipment');
INSERT INTO django_content_type VALUES(19,'appointment','procedure');
INSERT INTO django_content_type VALUES(20,'appointment','room');
INSERT INTO django_content_type VALUES(21,'appointment','roomtype');
INSERT INTO django_content_type VALUES(22,'employee','availabilityemployee');
INSERT INTO django_content_type VALUES(23,'employee','availabilityrange');
INSERT INTO django_content_type VALUES(24,'employee','employee');
INSERT INTO django_content_type VALUES(25,'employee','role');
INSERT INTO django_content_type VALUES(26,'family','extra_family_member');
INSERT INTO django_content_type VALUES(27,'family','family');
CREATE TABLE IF NOT EXISTS "auth_permission" ("id" integer NOT NULL PRIMARY KEY AUTOINCREMENT, "content_type_id" integer NOT NULL REFERENCES "django_content_type" ("id") DEFERRABLE INITIALLY DEFERRED, "codename" varchar(100) NOT NULL, "name" varchar(255) NOT NULL);
INSERT INTO auth_permission VALUES(1,1,'add_logentry','Can add log entry');
INSERT INTO auth_permission VALUES(2,1,'change_logentry','Can change log entry');
INSERT INTO auth_permission VALUES(3,1,'delete_logentry','Can delete log entry');
INSERT INTO auth_permission VALUES(4,1,'view_logentry','Can view log entry');
INSERT INTO auth_permission VALUES(5,3,'add_permission','Can add permission');
INSERT INTO auth_permission VALUES(6,3,'change_permission','Can change permission');
INSERT INTO auth_permission VALUES(7,3,'delete_permission','Can delete permission');
INSERT INTO auth_permission VALUES(8,3,'view_permission','Can view permission');
INSERT INTO auth_permission VALUES(9,2,'add_group','Can add group');
INSERT INTO auth_permission VALUES(10,2,'change_group','Can change group');
INSERT INTO auth_permission VALUES(11,2,'delete_group','Can delete group');
INSERT INTO auth_permission VALUES(12,2,'view_group','Can view group');
INSERT INTO auth_permission VALUES(13,4,'add_user','Can add user');
INSERT INTO auth_permission VALUES(14,4,'change_user','Can change user');
INSERT INTO auth_permission VALUES(15,4,'delete_user','Can delete user');
INSERT INTO auth_permission VALUES(16,4,'view_user','Can view user');
INSERT INTO auth_permission VALUES(17,5,'add_contenttype','Can add content type');
INSERT INTO auth_permission VALUES(18,5,'change_contenttype','Can change content type');
INSERT INTO auth_permission VALUES(19,5,'delete_contenttype','Can delete content type');
INSERT INTO auth_permission VALUES(20,5,'view_contenttype','Can view content type');
INSERT INTO auth_permission VALUES(21,6,'add_session','Can add session');
INSERT INTO auth_permission VALUES(22,6,'change_session','Can change session');
INSERT INTO auth_permission VALUES(23,6,'delete_session','Can delete session');
INSERT INTO auth_permission VALUES(24,6,'view_session','Can view session');
INSERT INTO auth_permission VALUES(25,8,'add_item','Can add Article');
INSERT INTO auth_permission VALUES(26,8,'change_item','Can change Article');
INSERT INTO auth_permission VALUES(27,8,'delete_item','Can delete Article');
INSERT INTO auth_permission VALUES(28,8,'view_item','Can view Article');
INSERT INTO auth_permission VALUES(29,9,'add_treatmenttype','Can add Type de traitement');
INSERT INTO auth_permission VALUES(30,9,'change_treatmenttype','Can change Type de traitement');
INSERT INTO auth_permission VALUES(31,9,'delete_treatmenttype','Can delete Type de traitement');
INSERT INTO auth_permission VALUES(32,9,'view_treatmenttype','Can view Type de traitement');
INSERT INTO auth_permission VALUES(33,7,'add_inventory','Can add Inventaire');
INSERT INTO auth_permission VALUES(34,7,'change_inventory','Can change Inventaire');
INSERT INTO auth_permission VALUES(35,7,'delete_inventory','Can delete Inventaire');
INSERT INTO auth_permission VALUES(36,7,'view_inventory','Can view Inventaire');
INSERT INTO auth_permission VALUES(37,10,'add_person','Can add Personne');
INSERT INTO auth_permission VALUES(38,10,'change_person','Can change Personne');
INSERT INTO auth_permission VALUES(39,10,'delete_person','Can delete Personne');
INSERT INTO auth_permission VALUES(40,10,'view_person','Can view Personne');
INSERT INTO auth_permission VALUES(41,11,'add_animal','Can add Animal');
INSERT INTO auth_permission VALUES(42,11,'change_animal','Can change Animal');
INSERT INTO auth_permission VALUES(43,11,'delete_animal','Can delete Animal');
INSERT INTO auth_permission VALUES(44,11,'view_animal','Can view Animal');
INSERT INTO auth_permission VALUES(45,12,'add_soapnote','Can add SOAP Note');
INSERT INTO auth_permission VALUES(46,12,'change_soapnote','Can change SOAP Note');
INSERT INTO auth_permission VALUES(47,12,'delete_soapnote','Can delete SOAP Note');
INSERT INTO auth_permission VALUES(48,12,'view_soapnote','Can view SOAP Note');
INSERT INTO auth_permission VALUES(49,17,'add_emergencytype','Can add Type de rendez-vous');
INSERT INTO auth_permission VALUES(50,17,'change_emergencytype','Can change Type de rendez-vous');
INSERT INTO auth_permission VALUES(51,17,'delete_emergencytype','Can delete Type de rendez-vous');
INSERT INTO auth_permission VALUES(52,17,'view_emergencytype','Can view Type de rendez-vous');
INSERT INTO auth_permission VALUES(53,18,'add_equipment','Can add Équipement');
INSERT INTO auth_permission VALUES(54,18,'change_equipment','Can change Équipement');
INSERT INTO auth_permission VALUES(55,18,'delete_equipment','Can delete Équipement');
INSERT INTO auth_permission VALUES(56,18,'view_equipment','Can view Équipement');
INSERT INTO auth_permission VALUES(57,19,'add_procedure','Can add Procédure');
INSERT INTO auth_permission VALUES(58,19,'change_procedure','Can change Procédure');
INSERT INTO auth_permission VALUES(59,19,'delete_procedure','Can delete Procédure');
INSERT INTO auth_permission VALUES(60,19,'view_procedure','Can view Procédure');
INSERT INTO auth_permission VALUES(61,20,'add_room','Can add Salles');
INSERT INTO auth_permission VALUES(62,20,'change_room','Can change Salles');
INSERT INTO auth_permission VALUES(63,20,'delete_room','Can delete Salles');
INSERT INTO auth_permission VALUES(64,20,'view_room','Can view Salles');
INSERT INTO auth_permission VALUES(65,21,'add_roomtype','Can add Type de salle');
INSERT INTO auth_permission VALUES(66,21,'change_roomtype','Can change Type de salle');
INSERT INTO auth_permission VALUES(67,21,'delete_roomtype','Can delete Type de salle');
INSERT INTO auth_permission VALUES(68,21,'view_roomtype','Can view Type de salle');
INSERT INTO auth_permission VALUES(69,13,'add_appointment','Can add Consultation');
INSERT INTO auth_permission VALUES(70,13,'change_appointment','Can change Consultation');
INSERT INTO auth_permission VALUES(71,13,'delete_appointment','Can delete Consultation');
INSERT INTO auth_permission VALUES(72,13,'view_appointment','Can view Consultation');
INSERT INTO auth_permission VALUES(73,15,'add_appointmentitem','Can add Association consultation/article');
INSERT INTO auth_permission VALUES(74,15,'change_appointmentitem','Can change Association consultation/article');
INSERT INTO auth_permission VALUES(75,15,'delete_appointmentitem','Can delete Association consultation/article');
INSERT INTO auth_permission VALUES(76,15,'view_appointmentitem','Can view Association consultation/article');
INSERT INTO auth_permission VALUES(77,16,'add_appointmentprocedure','Can add Association consultation/procédure');
INSERT INTO auth_permission VALUES(78,16,'change_appointmentprocedure','Can change Association consultation/procédure');
INSERT INTO auth_permission VALUES(79,16,'delete_appointmentprocedure','Can delete Association consultation/procédure');
INSERT INTO auth_permission VALUES(80,16,'view_appointmentprocedure','Can view Association consultation/procédure');
INSERT INTO auth_permission VALUES(81,14,'add_appointmentequipment','Can add Association consultation/équipement');
INSERT INTO auth_permission VALUES(82,14,'change_appointmentequipment','Can change Association consultation/équipement');
INSERT INTO auth_permission VALUES(83,14,'delete_appointmentequipment','Can delete Association consultation/équipement');
INSERT INTO auth_permission VALUES(84,14,'view_appointmentequipment','Can view Association consultation/équipement');
INSERT INTO auth_permission VALUES(85,23,'add_availabilityrange','Can add Période de disponibilité');
INSERT INTO auth_permission VALUES(86,23,'change_availabilityrange','Can change Période de disponibilité');
INSERT INTO auth_permission VALUES(87,23,'delete_availabilityrange','Can delete Période de disponibilité');
INSERT INTO auth_permission VALUES(88,23,'view_availabilityrange','Can view Période de disponibilité');
INSERT INTO auth_permission VALUES(89,25,'add_role','Can add Fonction de l''employé(e)');
INSERT INTO auth_permission VALUES(90,25,'change_role','Can change Fonction de l''employé(e)');
INSERT INTO auth_permission VALUES(91,25,'delete_role','Can delete Fonction de l''employé(e)');
INSERT INTO auth_permission VALUES(92,25,'view_role','Can view Fonction de l''employé(e)');
INSERT INTO auth_permission VALUES(93,24,'add_employee','Can add Employé(e)');
INSERT INTO auth_permission VALUES(94,24,'change_employee','Can change Employé(e)');
INSERT INTO auth_permission VALUES(95,24,'delete_employee','Can delete Employé(e)');
INSERT INTO auth_permission VALUES(96,24,'view_employee','Can view Employé(e)');
INSERT INTO auth_permission VALUES(97,22,'add_availabilityemployee','Can add availability employee');
INSERT INTO auth_permission VALUES(98,22,'change_availabilityemployee','Can change availability employee');
INSERT INTO auth_permission VALUES(99,22,'delete_availabilityemployee','Can delete availability employee');
INSERT INTO auth_permission VALUES(100,22,'view_availabilityemployee','Can view availability employee');
INSERT INTO auth_permission VALUES(101,27,'add_family','Can add Famille');
INSERT INTO auth_permission VALUES(102,27,'change_family','Can change Famille');
INSERT INTO auth_permission VALUES(103,27,'delete_family','Can delete Famille');
INSERT INTO auth_permission VALUES(104,27,'view_family','Can view Famille');
INSERT INTO auth_permission VALUES(105,26,'add_extra_family_member','Can add Membre');
INSERT INTO auth_permission VALUES(106,26,'change_extra_family_member','Can change Membre');
INSERT INTO auth_permission VALUES(107,26,'delete_extra_family_member','Can delete Membre');
INSERT INTO auth_permission VALUES(108,26,'view_extra_family_member','Can view Membre');
CREATE TABLE IF NOT EXISTS "auth_group" ("id" integer NOT NULL PRIMARY KEY AUTOINCREMENT, "name" varchar(150) NOT NULL UNIQUE);
CREATE TABLE IF NOT EXISTS "auth_user" ("id" integer NOT NULL PRIMARY KEY AUTOINCREMENT, "password" varchar(128) NOT NULL, "last_login" datetime NULL, "is_superuser" bool NOT NULL, "username" varchar(150) NOT NULL UNIQUE, "last_name" varchar(150) NOT NULL, "email" varchar(254) NOT NULL, "is_staff" bool NOT NULL, "is_active" bool NOT NULL, "date_joined" datetime NOT NULL, "first_name" varchar(150) NOT NULL);
INSERT INTO auth_user VALUES(1,'pbkdf2_sha256$1200000$xWkkOzI6qH2BqCEdreLwBz$4EM5rCwihRZcwGwVKi+4030iGCp2+bSj2kGaK7O5mVA=',NULL,1,'karelsvbd','','',1,1,'2025-12-20 10:07:48.054962','');
CREATE TABLE IF NOT EXISTS "django_session" ("session_key" varchar(40) NOT NULL PRIMARY KEY, "session_data" text NOT NULL, "expire_date" datetime NOT NULL);
PRAGMA writable_schema=ON;
CREATE TABLE IF NOT EXISTS sqlite_sequence(name,seq);
DELETE FROM sqlite_sequence;
INSERT INTO sqlite_sequence VALUES('django_migrations',25);
INSERT INTO sqlite_sequence VALUES('django_admin_log',0);
INSERT INTO sqlite_sequence VALUES('inventory_item',7);
INSERT INTO sqlite_sequence VALUES('appointment_room',3);
INSERT INTO sqlite_sequence VALUES('appointment_appointmentequipment',5);
INSERT INTO sqlite_sequence VALUES('django_content_type',27);
INSERT INTO sqlite_sequence VALUES('auth_permission',108);
INSERT INTO sqlite_sequence VALUES('auth_group',0);
INSERT INTO sqlite_sequence VALUES('auth_user',1);
INSERT INTO sqlite_sequence VALUES('person_person',6);
INSERT INTO sqlite_sequence VALUES('family_family',3);
INSERT INTO sqlite_sequence VALUES('family_extra_family_member',2);
INSERT INTO sqlite_sequence VALUES('employee_role',3);
INSERT INTO sqlite_sequence VALUES('employee_employee',3);
INSERT INTO sqlite_sequence VALUES('employee_availabilityrange',4);
INSERT INTO sqlite_sequence VALUES('employee_availabilityemployee',4);
INSERT INTO sqlite_sequence VALUES('animal_animal',4);
INSERT INTO sqlite_sequence VALUES('animal_soapnote',3);
INSERT INTO sqlite_sequence VALUES('inventory_treatmenttype',4);
INSERT INTO sqlite_sequence VALUES('inventory_inventory',7);
INSERT INTO sqlite_sequence VALUES('appointment_roomtype',3);
INSERT INTO sqlite_sequence VALUES('appointment_emergencytype',3);
INSERT INTO sqlite_sequence VALUES('appointment_procedure',4);
INSERT INTO sqlite_sequence VALUES('appointment_equipment',4);
INSERT INTO sqlite_sequence VALUES('appointment_appointment',4);
INSERT INTO sqlite_sequence VALUES('appointment_appointmentprocedure',5);
INSERT INTO sqlite_sequence VALUES('appointment_appointmentitem',4);
CREATE UNIQUE INDEX "auth_group_permissions_group_id_permission_id_0cd325b0_uniq" ON "auth_group_permissions" ("group_id", "permission_id");
CREATE INDEX "auth_group_permissions_group_id_b120cbf9" ON "auth_group_permissions" ("group_id");
CREATE INDEX "auth_group_permissions_permission_id_84c5c92e" ON "auth_group_permissions" ("permission_id");
CREATE UNIQUE INDEX "auth_user_groups_user_id_group_id_94350c0c_uniq" ON "auth_user_groups" ("user_id", "group_id");
CREATE INDEX "auth_user_groups_user_id_6a12ed8b" ON "auth_user_groups" ("user_id");
CREATE INDEX "auth_user_groups_group_id_97559544" ON "auth_user_groups" ("group_id");
CREATE UNIQUE INDEX "auth_user_user_permissions_user_id_permission_id_14a6b632_uniq" ON "auth_user_user_permissions" ("user_id", "permission_id");
CREATE INDEX "auth_user_user_permissions_user_id_a95ead1b" ON "auth_user_user_permissions" ("user_id");
CREATE INDEX "auth_user_user_permissions_permission_id_1fbb5f2c" ON "auth_user_user_permissions" ("permission_id");
CREATE INDEX "django_admin_log_content_type_id_c4bce8eb" ON "django_admin_log" ("content_type_id");
CREATE INDEX "django_admin_log_user_id_c564eba6" ON "django_admin_log" ("user_id");
CREATE INDEX "family_family_main_contact_id_2ccef70a" ON "family_family" ("main_contact_id");
CREATE INDEX "family_extra_family_member_person_id_2d64e18d" ON "family_extra_family_member" ("person_id");
CREATE INDEX "family_extra_family_member_family_id_84993817" ON "family_extra_family_member" ("family_id");
CREATE INDEX "employee_employee_person_id_025cc585" ON "employee_employee" ("person_id");
CREATE INDEX "employee_employee_role_id_a4c099f1" ON "employee_employee" ("role_id");
CREATE INDEX "employee_availabilityemployee_availability_range_id_d2bb80e9" ON "employee_availabilityemployee" ("availability_range_id");
CREATE INDEX "employee_availabilityemployee_employee_id_23756086" ON "employee_availabilityemployee" ("employee_id");
CREATE INDEX "animal_animal_family_id_5fc2d782" ON "animal_animal" ("family_id");
CREATE INDEX "animal_soapnote_animal_id_088ee8ca" ON "animal_soapnote" ("animal_id");
CREATE INDEX "animal_soapnote_created_by_id_4dc783e1" ON "animal_soapnote" ("created_by_id");
CREATE INDEX "animal_soapnote_validated_by_id_513f2352" ON "animal_soapnote" ("validated_by_id");
CREATE INDEX "inventory_inventory_item_id_c77b66a4" ON "inventory_inventory" ("item_id");
CREATE INDEX "inventory_item_treatment_type_id_2bbf8b5f" ON "inventory_item" ("treatment_type_id");
CREATE INDEX "appointment_appointment_animal_id_77d06375" ON "appointment_appointment" ("animal_id");
CREATE INDEX "appointment_appointment_employee_id_62e23f7e" ON "appointment_appointment" ("employee_id");
CREATE INDEX "appointment_appointment_emergency_type_id_500d732b" ON "appointment_appointment" ("emergency_type_id");
CREATE INDEX "appointment_appointment_room_id_403f1d74" ON "appointment_appointment" ("room_id");
CREATE INDEX "appointment_appointmentitem_appointment_id_aeb4f1fc" ON "appointment_appointmentitem" ("appointment_id");
CREATE INDEX "appointment_appointmentitem_item_id_fdb76701" ON "appointment_appointmentitem" ("item_id");
CREATE INDEX "appointment_appointmentprocedure_appointment_id_3e0618ed" ON "appointment_appointmentprocedure" ("appointment_id");
CREATE INDEX "appointment_appointmentprocedure_procedure_id_1de98928" ON "appointment_appointmentprocedure" ("procedure_id");
CREATE INDEX "appointment_room_room_type_id_42021872" ON "appointment_room" ("room_type_id");
CREATE INDEX "appointment_appointmentequipment_appointment_id_08e1adbb" ON "appointment_appointmentequipment" ("appointment_id");
CREATE INDEX "appointment_appointmentequipment_equipment_id_55673b15" ON "appointment_appointmentequipment" ("equipment_id");
CREATE UNIQUE INDEX "django_content_type_app_label_model_76bd3d3b_uniq" ON "django_content_type" ("app_label", "model");
CREATE UNIQUE INDEX "auth_permission_content_type_id_codename_01ab375a_uniq" ON "auth_permission" ("content_type_id", "codename");
CREATE INDEX "auth_permission_content_type_id_2f476e4b" ON "auth_permission" ("content_type_id");
CREATE INDEX "django_session_expire_date_a5c62663" ON "django_session" ("expire_date");
PRAGMA writable_schema=OFF;
COMMIT;
